total_pkts,tcp_pkts,udp_pkts,other_pkts,unique_dports_count,syn_ratio,avg_pkt_size,duration_sec,bytes_per_sec,port_scan_score,small_syn_score,potential_flood,potential_scan,label
9.0,0.0,9.0,0.0,1.0,0.0,340.0,511.2383,5.99,0.01,0.0,0.0,0.0,normal
746.0,518.0,25.0,203.0,6.0,0.1429,172.72,444.2759,290.02,0.06,0.0,0.0,0.0,normal
683.0,483.0,0.0,200.0,74.0,0.0,190.6,388.7351,334.88,0.74,0.0,0.0,1.0,normal
15.0,0.0,15.0,0.0,1.0,0.0,340.0,900.3011,5.66,0.01,0.0,0.0,0.0,attack
41887.0,41871.0,13.0,3.0,9999.0,0.9586,64.55,724.359,3732.4,1.0,0.0,0.0,1.0,attack
2439.0,2439.0,0.0,0.0,150.0,0.0,159.51,718.5145,541.44,1.0,0.0,0.0,1.0,attack
650.703348243217,461.83060785596996,0.000394617677796715,202.20873144068054,70.95412133229867,0.0003188968805426384,181.99319885704608,392.88691475466703,349.6321257713488,0.752709330376422,0.0,0.0002404579630482487,1.0311973171855764,normal
14.322328728806436,0.0004630777216281258,15.139180092126406,0.0,1.0276394426912465,0.0,333.19381836997724,856.1992085514988,5.581871056283876,0.010427543590576684,0.0,0.0,0.0,attack
14.827451154467164,0.0,14.428560551724237,0.000403199140345821,0.9518536645177396,0.00033488821827165936,346.7169648938237,912.3140083997362,5.928553670101053,0.009802332376298288,0.00041485987553434674,0.0,0.0,attack
8.866445589482026,0.0003906588945398898,8.726905448869493,5.717303403095453e-05,1.019430253291456,4.045988457927675e-05,333.37784710715965,522.7807761923982,5.75814548428473,0.009139950944029685,0.00013528697297769774,0.0,0.00036967949373295495,normal
2461.1358036907804,2385.6534542415266,0.0001174764821344547,0.0,146.57435989572383,4.624853004013142e-05,157.71940424886358,710.4815381937046,534.4941909160056,0.9794178142641712,1.0119770034642677e-05,0.0,0.9834894588351029,attack
8.799508138424724,0.00030322332394242034,9.383465420425269,2.0300305346968446e-05,0.9927319513520335,0.0,347.15405979086864,496.0694207306772,5.7538406653311425,0.009816925741700564,0.0004896095832114132,0.0,0.0,normal
2522.083028417659,2363.756939720505,0.00043773575245339036,0.0,150.90151029961035,0.0,155.92184184831237,733.9810097265255,547.8404445710925,1.0181206777843599,0.0,0.0,0.9990717380608676,attack
2424.44265784288,2409.3371642756397,0.0003716684636777215,0.00028055122267918925,156.9496336805417,0.0,157.22108302118374,718.6986312385905,521.9533875270538,1.0357423602302889,0.0,6.552608252118008e-05,0.9626372039925115,attack
14.714618776427374,0.0003520674841577788,15.279034786147381,0.00015272743301111767,1.0148273424183911,0.0,346.8306923119926,868.224868702071,5.518544594070852,0.009978606901232577,0.00018471853849068103,0.0,0.0,attack
8.703343359871592,0.0,8.980487141203401,0.0,1.0155809688428874,0.00039661308253261906,351.7192727856722,503.53663757381764,5.9681464385668965,0.009221542215473144,0.0,0.00032339591568689044,0.00047475411048485323,normal
8.881612820354832,0.0,9.09715130168788,0.00027309032222538405,0.9835835011290479,0.0,326.59192183077886,526.9872365082899,6.272689131734221,0.0103890345857898,0.0,3.9509356203498024e-05,0.0,normal
2444.91971862754,2524.158203515846,0.00045310107369175097,4.593231291519742e-05,153.71659538500953,0.0003387899881966021,153.69374031656463,710.1983153368094,520.4438567803336,0.9883333767406304,0.0,0.0004248407839624584,0.9830832166627842,attack
39879.75699629665,43171.32754980816,12.576329034074849,3.0040147283897216,9774.226478755587,0.9262306360123033,67.34619044893736,717.5898487208436,3573.006954277212,0.9922556202728927,0.0002738608802865711,0.00022326188946915321,0.9894156999588462,attack
2440.192157028135,2370.3514670687564,0.0,0.0002279462533130547,155.06487323522475,0.0,166.37505383188412,693.5449691038582,521.4262891494087,1.0450633253763735,0.0001373732485648002,0.00010089683908747579,1.045252566819977,attack
42770.24248520334,43296.096804664994,12.853977911061222,2.8545906030494717,9713.61498294644,0.9870280997420983,61.32945278198913,714.3408716755574,3575.4487941844445,1.0298464918961503,0.0,0.0,1.0095737426218503,attack
719.810120151844,500.2760563809496,25.508073619324527,204.2882218250987,6.085719956580309,0.14353128899994655,179.8288727911911,466.1586012535154,298.5087364146402,0.06242120534820005,0.0,0.0,0.00023517960402617916,normal
14.305537548483787,0.0,15.428984935711455,0.0,1.0503452539336544,0.0,329.53683097413096,910.6551427836462,5.393061042323228,0.010072509036154035,0.0,0.0,0.0,attack
2536.8014875333793,2452.180830244275,0.0,0.0004670460028643783,142.8305247193154,0.0,154.93699710567537,720.9333151436605,544.2814674477038,0.9665401101026236,0.0,2.642866370673805e-06,0.9573488503236163,attack
15.307655961646416,0.0001716963937009232,15.044161791985905,0.0,0.9569292717977665,0.0,347.05010864791524,892.8917034867981,5.79812591523295,0.010828954598467772,3.4582858376338426e-06,0.00048266203933076225,0.0002512960113593082,attack
43708.786650520065,42697.93551518326,12.36890772469586,3.014766170453533,9882.112788511704,0.9586127721346552,67.06726450854785,720.5542026474558,3649.905714836684,0.953500600939981,0.00021533672628913482,0.0,0.9602854482426688,attack
680.1456425990249,487.47515417742966,0.0,191.9221118835232,75.02585429319282,0.0,187.1715490975192,386.43536504726876,336.1384607918869,0.7372032409786551,0.0002384176928354069,2.427181585671588e-05,1.0282376394997823,normal
9.023619284557707,0.0004598139733166944,9.19876675991674,0.0,1.0246812619314798,1.3980442846634119e-05,350.83101784375424,522.3440351653666,6.18193762637788,0.010002191419696277,1.6299551720415848e-05,0.0,0.0,normal
709.4039700396752,489.8098569805062,0.0,194.18149836130925,74.77475758894136,0.0,190.5510079240564,371.0428426070451,337.4309642124097,0.7491362345853846,0.0,0.00011256719569989041,0.969125154561922,normal
8.968270748706313,0.00041783133387431157,9.02447105117833,0.0001957096970658548,0.9988361469984028,5.713321191198752e-05,334.4362128236496,520.0690691834278,5.842559485246108,0.010001557953053821,0.0,0.0,6.624420416612576e-05,normal
14.927681654386989,0.00030868378169632727,15.236967085197449,0.00047432262249978794,0.9656507596149758,0.0,353.6122213547631,927.736966573199,5.748839044122869,0.010513770118447325,0.00036757719053120866,0.0,0.0,attack
2324.4442833205894,2321.70221807181,0.00021362639209211747,0.00023354619843713508,155.32584489491998,0.0,159.47717618888012,712.9356797087696,529.4909458906452,1.0467783657527736,0.00031333965163227786,0.00014052639320143113,0.9822384980663857,attack
39979.06947223901,40466.98333058627,13.59614330736629,2.8935120547753996,10167.871301810323,0.9148613612838996,63.24061218095133,746.4170142424064,3690.6629022501033,1.0383315407510372,0.0,0.00022632691195668674,0.9886163713884881,attack
40178.99644395879,40929.08725609782,12.861588623091775,3.090929966689647,10047.500825762021,0.9591567220989001,64.4706540250313,718.7596762579421,3744.391466709494,1.0254181612723225,0.0,0.0,0.9506904337778473,attack
14.520434954731359,1.1270168170390422e-05,15.726697456680157,0.0,0.9661558208925678,0.0,348.1297790678123,882.2903943238634,5.481500383263052,0.009344553412970595,0.0,0.0004938970725882529,0.0,attack
41988.738252353,42327.32627529138,13.42920140870509,2.9840755663958567,10301.147361948828,0.9670886800114847,62.866446195645764,736.0641171351058,3762.5671357710926,1.0098248813891142,0.0,6.323704834464248e-05,0.9553854390570059,attack
2443.6600171574496,2378.467862577419,0.00032730716886062995,0.0001563706274538608,153.14439991480288,0.0,161.36433945372147,731.8512167450448,559.4260899427304,1.0455299376595055,0.00039777193419955766,0.0,1.0310801230430304,attack
2391.3793035580657,2328.7565901846046,0.0,0.0002878650435774628,145.39862357454774,0.0004976444344108232,165.19443473944048,719.0735241670835,547.3569835005003,0.9723125370982535,0.0,0.0,0.9684328015481951,attack
42530.95432377503,41050.75948745991,13.342545918812222,2.8819458298553,9649.35468160864,0.9657207787387575,62.31457679385427,759.6705010040838,3708.070364730084,1.0320043370463854,0.0,4.526134759873554e-05,0.9783458540102176,attack
716.8890975420638,471.1734933265344,4.3312046544596724e-05,197.4470677409771,70.40680974564415,2.4967076848601555e-05,182.72676945875932,402.42059687635685,345.3967804410647,0.7488567513151334,0.0,0.00010969381558726219,1.0444401065837765,normal
14.836316524069629,0.0,14.784828000236912,0.00044273053906464244,0.9926252775422513,6.902664165578574e-05,347.18205848174745,876.3985098026227,5.730588048852052,0.009171053968671725,0.0,1.3866872028413316e-05,0.0,attack
43441.664828677014,42590.11263939818,13.40325981545633,3.0837813755946857,9877.94122892253,0.9619340358775058,65.54456911757791,695.0790585404387,3802.1679596264703,0.9638379394597442,7.294110842852898e-05,0.0,1.0283009531212706,attack
9.066904496609414,0.0,9.141680594431115,0.0,0.9499938594249889,0.0,350.27666212024934,503.3834882858388,5.897689976948561,0.009143891188909787,0.0002650966612615201,0.0,0.0,normal
42173.082301411276,43151.95418036406,13.017396056089106,2.99188281417287,10445.79232514132,0.9924211107319408,67.67788413328763,757.152857793131,3672.4252711386125,0.9868638901193473,0.0001808521615787094,0.0,0.9967464742382829,attack
734.2432820732059,521.5837554395066,25.77308359859838,195.18462611835517,6.01115744269429,0.1471042919742554,166.45147965829733,422.3117081618435,283.0912728621929,0.06204381519014729,0.0,0.0004933938339754776,0.0003638539820188215,normal
725.7093137377054,516.9457046355591,24.90726594667295,206.47904962387835,5.890362956275329,0.14088382330821625,176.21930581858288,443.1519441287139,290.3089450367911,0.061344781348396146,0.00037499641390319557,0.00042255324848801553,0.0004107883635066748,normal
2412.942325687665,2352.6457143348107,0.0,0.0,154.08717812224657,6.472790561392217e-05,152.09099330848133,723.6633502231159,514.8979167559442,1.0476184239017268,0.0,0.00013692114610770772,1.0256247522078783,attack
15.405241824104658,0.0,15.455613768957665,0.0,0.9881528741119807,0.0002528210339090663,354.17840250250515,860.0892475610665,5.929299172654965,0.010080264597077731,0.00048641220627920826,0.0,7.076983346969192e-05,attack
708.2596087356717,479.5654550055851,0.0003695081839681866,202.9513321170987,75.16794277537703,0.0004044787306131463,194.25122123005264,406.13686511503096,336.03432578441164,0.7583862782422733,0.00048149393202175344,0.0,0.9952370980294107,normal
760.5376069762518,523.8344422555867,24.290753303985372,200.51909794122835,5.719512793008841,0.14931677740092167,174.93753577909172,428.15677565523,301.75988533194635,0.05773725838701148,0.0,0.00034479630379022173,0.00033047273296703375,normal
766.9733028140913,511.27281953929094,25.60638123479425,202.63853793366906,5.7284389336647985,0.13982773623868922,172.6973165480127,427.22350414306146,284.5476155651695,0.06184484884586458,0.00011546069740823187,0.0003637694348180914,0.0,normal
15.183191439307931,0.0,14.71569662080707,0.0,1.0215367114835232,0.0,345.21441437187866,866.5918657647618,5.578969295252743,0.009008430506479108,7.500733979144956e-05,9.34179537190362e-06,0.0,attack
14.943060214668353,0.00044749214468221886,14.35448665766028,8.328108063924012e-05,1.0389358715039934,0.0001779618238705913,331.16441419362934,878.5176699131154,5.908802181979032,0.009089862759618343,0.0,9.904723784823169e-05,9.33143042566792e-05,attack
768.9419357093785,496.23356796740677,24.087130897163664,195.18399942932797,5.724377202419644,0.14550644023047196,164.9430642977987,464.3812494674537,279.9700634131367,0.06026420329836939,0.00042304212764892327,0.0,0.0,normal
2422.761387613623,2512.1276632085055,0.0,0.0,143.46807462004855,0.00046352953197560486,162.86828159185671,690.6203643694869,565.6974770319887,0.9518841499911338,0.0004911190002663819,0.0,1.0451029888505343,attack
14.511820530067112,0.0,15.325194080785632,0.00015771566381060517,0.996172590950312,0.0003985715620965069,345.3325284295968,902.5622370443206,5.503590463360182,0.010993381678779373,0.0003721623816101616,0.0,0.00029683115606004965,attack
40825.64287290101,40235.31822325044,13.345712594349527,2.905338929838551,9689.952637740826,0.99922408375262,65.71479860594391,731.227821745355,3660.289048422725,1.0462417039459455,0.0,1.1798356018936223e-06,1.03581079519553,attack
15.732647159736757,0.0,14.434374418797372,0.0,1.0307725096761176,0.0,332.7834103709148,881.5445205825317,5.715555938874135,0.01081566869085343,0.00046145076824193764,0.0,0.0004352693171365922,attack
704.1044797989771,464.53728063919795,0.0,196.72581339384925,72.55760785473016,9.872703277284914e-05,198.62039520497845,398.58413913306316,343.25712867345965,0.742390717860008,0.0,0.0,1.0441769048873937,normal
9.13714559718625,0.00024279615188549806,8.98439809923111,0.00025124816814811715,0.963820580216322,0.00017296460884282577,340.2138674056505,497.2466848294031,6.04022186435576,0.009989455998520896,4.2967238645426964e-05,0.0004742467991891805,0.00035990357566738617,normal
672.2992447560546,468.60157440782314,0.00017776061387601738,204.89263885743318,74.49063185186985,0.0,182.45248268308083,400.5970020017812,337.4126479306549,0.7397275188199397,3.53445898789443e-05,2.3066357949188545e-05,0.9594643351758336,normal
14.625888964070112,0.0,14.93138100670523,0.0,0.9941442662152651,0.0004167934846789338,329.0890455094713,931.7507765208825,5.635069190995646,0.01032213092126779,0.00021197046671072987,0.00042482572627091693,0.0,attack
15.129394769199884,0.00017158378454373762,14.893994006986453,0.0,0.9519560546663935,0.0,352.2775576904097,901.3184388921985,5.5235294455960515,0.00960077909668798,0.00037713187380353523,0.0003112608548378669,0.0,attack
15.020184819340516,0.0,15.263086662652722,0.0,0.9973272884123449,0.000328313531612055,328.1043226676438,900.5759838904678,5.586979356342097,0.010980640673849573,0.0,0.000160207792350196,0.0,attack
40549.63862011721,43526.82187950011,13.21963488336138,2.867745934809672,10091.851841717165,0.9674378842673699,67.71987366125369,730.9338941994287,3815.478248737253,0.9903219454976568,0.00016096256315082297,0.0001668852437348975,0.9725799587601954,attack
703.0807529084651,472.5448310395744,0.00020886599916137533,198.27190492228786,73.87765180823035,0.0004813926578117529,199.43895891156285,383.60502112592656,318.2785571795075,0.7291295083155817,0.00034776312094939114,2.3035182920133623e-06,1.0159190551438326,normal
2511.10464063185,2363.5379109198257,0.0,0.0,155.46713880254114,0.0004197227366770917,161.72892830235764,736.7308018264383,559.2093786049584,0.9761166266019599,0.00022060512861074772,0.0002617519241113436,1.0068935775466317,attack
8.599588989206428,0.0,9.329934258169756,0.0,0.9953804239190467,0.0,353.2412471335506,488.4728600137505,6.117091944194004,0.009886045665641083,5.697832532960044e-05,0.0,0.0,normal
2521.5564723217594,2557.7221947071803,0.0,0.0,154.57260094058014,0.0003167730214072545,152.54323006484245,745.7068675661328,515.644887588383,1.035025366503471,0.0002031952600885516,0.0,0.9642560463067383,attack
757.8294440457108,530.5099503041139,24.576319706337216,210.51348522989397,5.996553116343854,0.14676602712153802,173.87022587632381,456.1879639153659,286.14665424571797,0.05665766921481988,0.0,0.0,0.0,normal
748.3790509879191,515.2738171614678,23.837616599092108,194.6636658974932,6.143517889410116,0.1387209723638252,168.1253157793493,430.2584552806419,279.4928253976669,0.06287376876656443,0.0002881229716741739,0.00043144628236285883,0.0,normal
14.300651680332084,3.6725471646843825e-05,15.30860768223884,0.0003370570143608111,1.0395595694898945,0.0,347.50725298808635,873.2241925100362,5.737499632018096,0.009804414483103145,0.0,0.0,0.0,attack
42357.33015669887,42096.167072792414,12.36088741891267,3.0323649705299007,9991.904667396477,0.9802258703909267,66.06481415231818,747.8320878011233,3555.2689064687015,1.0227205695283617,0.0,0.0,0.9699497405099501,attack
734.032969472093,503.4792824980627,24.570423048379595,198.09206596058428,6.253263321357869,0.1407881417777564,180.15481248756524,432.8858613704714,296.3452098165313,0.0604147357566861,0.000252443346103613,0.00039253972724271653,0.0001702128863092936,normal
775.0563886011784,493.32192724835255,23.970885249891282,198.02442680056876,6.172347389258857,0.14001174729228483,166.89285994053944,462.750235090233,288.8211177884023,0.057732743729828125,0.0,0.0,0.0,normal
9.386994271791197,0.0,9.081385368609608,0.0,1.0323653505048511,0.0,329.62142355438374,510.57675830764043,6.025289683866003,0.009681076697845412,0.0,7.666862988848597e-05,0.0,normal
40401.721672510765,39996.84764938046,12.592430031953782,2.995826078237573,9932.631880964342,1.001336371475312,65.24949588864914,711.6111166093126,3695.5331514289664,1.0504733871844238,0.0,0.00035207269852064463,1.0355275414689322,attack
683.9033994959107,488.1832495585989,0.00036958257584487924,201.41906038102763,71.43423639062732,0.0,196.22396226795348,402.2434022899226,328.95707594687076,0.7598668985507808,0.0,0.00028843777297112765,0.9879378470764969,normal
40383.36556308977,39909.999944233976,13.566873789939962,2.899328173092365,9580.113919479174,0.9586854241624895,61.506376739637844,715.7978973503933,3877.8626258157356,1.038038139378376,0.0002635272228661154,0.0,1.0060047626098825,attack
758.7833528344142,501.9292899929121,24.17719648620895,200.2901241015852,5.739999971727639,0.1365867830336646,180.95686676545512,459.8263012045011,287.9039381423731,0.059389323584311905,0.0,0.0,0.0002885408521771374,normal
8.565226457733756,3.4469293387746414e-05,8.96637701203967,0.0003752264052135362,0.9787376298037089,0.00040715298044057257,334.00222225038425,507.14648337538364,5.72805925405036,0.010160396097352475,0.0003354478536424237,0.0,0.0,normal
9.195796043320138,9.520500205275271e-05,8.936409526913025,0.0004105100243274486,0.9957792189752802,0.0,349.25090358328214,498.1253308837441,6.156872095570054,0.010396637250308084,0.0,0.0,0.00010356446208818773,normal
14.444244744196167,0.0,14.905108777862623,0.0,1.0442572164923092,0.00030327989835929396,351.9968745656828,920.2705645409806,5.497512607264325,0.009465420993372381,0.00048740320040227813,0.0002124579506605527,0.00012156229211392498,attack
687.0856583482407,504.39736203054076,0.0004337442546316543,205.02420083006518,76.86716544354664,0.0001951536068548601,189.97333754034653,399.326232728668,335.1751121306497,0.7429917091849391,0.00015607592124662061,0.0,1.0499962966369074,normal
2447.917986846755,2352.4570166443673,0.00020079648880114265,8.598997828798693e-05,152.03071958369162,0.0002968413023918863,151.6983292128778,707.1095160647748,560.6274126985498,0.974125535110196,0.00048035556243429284,0.0003944008877468659,0.966721173394798,attack
14.271570369817526,0.00040075879527979197,15.548300198471551,0.0004044332506730385,1.045925316057089,0.0,346.50429069445823,858.789897043255,5.726933679351045,0.010595630743303533,0.0001671223640047062,0.0003664543824662518,0.0,attack
712.366478998015,494.4804641267257,25.92587993958985,212.38395800334732,6.081855329556579,0.1403628005137183,179.42158620149732,436.448459994386,296.62496413816314,0.0577499903376295,0.0,0.0,0.0,normal
15.58881660755446,0.0,15.525460459678563,0.00043456337899950973,0.9557111829783336,0.0003708368063618313,342.76232816481377,925.3833745399154,5.926560838758577,0.010477279475333228,0.000481921878369275,7.268556935736547e-05,0.00013982963552020098,attack
14.746626910077188,1.11914709378981e-05,15.207440596556138,0.0,0.9725200207380732,3.024895641374828e-05,350.4739114815495,877.842053736992,5.86534890128606,0.010871676602363657,5.110466607965235e-05,0.0,0.00016146410031373822,attack
15.053809144773021,0.0,14.268888429917986,0.0,1.0177414438130128,0.0002623883757680305,352.0888994599428,885.6147024960104,5.590322426412773,0.009222698904570536,0.0004389165902321135,0.0002669672181328252,0.0,attack
43773.403916408104,41580.64812437475,12.842860370442237,3.116748422205928,10412.691842470009,0.9295063595834704,65.82352631866496,697.0807956826999,3579.5702683928885,1.0065175809930198,0.00040342343372673186,0.0,0.9758140776767373,attack
8.781304734052144,0.0003928911713684617,9.044126518103504,0.0,0.9616003103998151,0.0,326.76675587765715,492.0263724734156,5.985912167778975,0.010310340236760742,0.0,0.00021329447098941259,0.0004787793620773877,normal
733.0530910722407,539.5943140556958,24.260611768215494,202.93575721133732,6.13175681430877,0.14835717143686963,168.69685331615503,449.50630631902266,288.8592529325581,0.06343299172073028,0.0004569446456793673,0.0,0.000291265293803387,normal
751.3981676763811,504.29986496700803,24.521180011976117,198.88745659661666,6.14972443034147,0.1496147839519595,166.32099480916358,460.29310386627014,303.11300280274236,0.06158128852861437,0.00044771095662669776,0.0004912015768372401,0.0,normal
43056.35365437282,41974.98218188979,12.93513109638739,2.99425194179756,10355.489587584201,0.9584696140929579,65.09389242624032,734.1774070151824,3622.075991601667,0.974478112076352,0.0004833289374665248,0.00025744846104938646,0.9577387986606288,attack
771.3119141209157,515.4161758768025,25.653665172686154,210.40690576125783,5.814816686196287,0.13946065371964728,179.77384419730635,462.37740393097897,288.11997734146945,0.06000921898405216,0.0,0.0,0.0,normal
14.563701036189046,0.000155189445875934,15.394580326187382,5.492420404937762e-05,0.9655577849606752,0.0,347.1127498455785,915.9630021825134,5.440210354500194,0.009327002929414945,0.0,0.0,0.0,attack
43209.2617382188,42636.80254973328,12.482308724313455,3.07982860139504,9696.042150773917,1.00605876797767,66.19782261218164,709.5879091645617,3779.7575025973406,1.0153710476790547,0.0002638022448311649,0.0002932489822576684,1.0064319546189493,attack
682.2702161754654,473.4990594565005,0.0,205.17412158981898,70.89030356295439,0.00039594233527450606,198.7956467629873,372.46869550771294,322.15904052042566,0.7191978497757483,0.0,7.91492386165582e-05,1.0091986319066717,normal
15.494854480531949,0.0,14.551192943603748,0.00041392640152349437,0.9981676497885175,0.0,351.4081705420759,889.6486127442928,5.792305226815307,0.009681038736514772,0.0002394567823705286,0.0,0.0,attack
9.074809006347863,0.0003855194997698172,9.311530499692637,0.0,0.9612784104971509,0.0,344.7532517271856,534.9963465775154,6.163922832070662,0.009718103765352195,0.0,0.0003379736326252626,0.0,normal
2519.0009816412553,2352.20053960217,0.0001861201823252172,0.0001856005207490699,153.4273069865836,0.0,158.23285127145053,721.3798691135468,548.441699067656,1.0398557467637815,0.00010008085252253253,0.0,0.9572137798025501,attack
8.925110946875705,0.0,8.599700880374114,0.0003874498385118172,0.9886594250070925,0.0001010892732427364,338.0311895668128,524.6247371091839,5.810330235471192,0.010737018988216104,0.0,0.0,0.00021412061899843266,normal
2559.495837540498,2345.590986679924,0.0,0.0,145.68819324390049,0.00047159694421568824,161.70394955263458,752.386023887307,539.6961742830098,1.0329857047275455,0.0,0.0,0.9733461507473622,attack
15.11916710868059,0.0,15.320840153324664,0.0,0.9948856154897231,0.0004383320019074126,325.7261499537288,916.1309422246807,5.768131632093656,0.010499268275908967,9.8265193469649e-05,0.0,0.0,attack
14.439537686759857,0.0,15.528033076587368,0.0,1.029220786895436,0.0003117835786564167,335.3913454972534,895.1150637898156,5.928402768565581,0.009159222129417723,0.0,0.0003790980537359483,5.410998412108646e-05,attack
665.3078612027807,461.80715108225996,0.0,193.54768609584593,73.88169940836687,0.0003570267766767138,184.49594294554404,381.8388526688825,318.4248090615012,0.7114709654041813,0.0004837459845296467,0.0,1.0157106032324217,normal
661.0889007752465,499.6995027858557,0.0,209.03572116930272,70.48544383298533,0.00044564958893612784,191.51882585204618,380.9103609620123,334.0281605070637,0.7404881936060337,0.0,0.00037455009101584544,0.9646481390624759,normal
2484.27418831878,2456.143789974844,0.00046851444331229996,0.00021634814786487737,156.1746452049024,0.0,151.65500991388166,720.4500631031465,561.4036870443832,1.0152582021597505,0.00010228115334462073,0.0001689643690329054,0.9564681025660643,attack
14.741250208815284,0.0,15.170483926442923,1.0124439998567061e-05,1.014165739278407,0.0002466058395179578,355.8963667598402,874.9691072299504,5.902144594453105,0.01014324397015991,0.0003483062687681958,9.533013558742698e-05,0.0,attack
14.37961253640111,0.0,15.118863894599311,0.00014098906825278618,1.0454632417782659,0.0,350.3039909286072,939.2541800936818,5.73102587154673,0.009489204320837647,0.0,0.00021910550770823587,0.0,attack
758.2408993945177,520.2692618856308,24.28724639708872,205.19617597543683,5.90813291788672,0.1384623624217443,170.91958439459864,445.57508484135224,285.1866291667093,0.058344382526630656,0.00023148359806398304,0.00015871934213847083,0.00014922040434815626,normal
2435.291486559795,2521.1352725443344,0.0,0.0,149.8301197021343,0.00011849262310306828,160.8335950257331,718.7593227152861,567.7954631230023,0.9953728934189148,0.0,0.0,0.9619206772859169,attack
735.42869318488,525.9470095588421,24.83407658788366,208.21444695179747,5.876020540600969,0.14052575935968234,173.57816520641464,464.12256160423885,278.90270092772556,0.05805683392227542,0.00023974250260954427,0.00012109660540040438,0.0,normal
753.2527338863448,503.47898037861336,25.376223207956723,202.43949625288155,6.028821589735608,0.14999944623830977,176.4456168363666,430.07746463712186,290.91498731288704,0.06038629349627807,0.0,0.0,0.0,normal
9.330299671856531,0.0,9.27565872576339,0.00046930346182676776,1.0408900298525856,0.0,355.03276782607213,516.4204467261986,5.725060734965887,0.010575538101833917,0.0003030905908039015,1.2858955188392445e-05,0.0,normal
42808.943665764484,43218.96347248956,12.45424388272371,2.972403784148507,9622.558800903413,0.9233153409301178,63.26793644753227,755.5177921825484,3657.2080658543928,1.0480056090384435,0.0,0.00031831365330162257,0.9608991964442829,attack
731.3624562612325,527.4559724025241,24.390896830697052,204.576624305749,5.808794014795231,0.1457511273199566,170.29721898026074,430.5006252369819,276.49278890600345,0.0578081486923776,0.0003397773394563064,0.0,0.0003761552048723438,normal
9.260574708816165,0.00019732641936950915,8.572005737602915,0.00043502967573339185,0.9734072191901061,0.0,336.99367646832707,486.33723490774287,5.715396649423146,0.010009562245787635,0.0,9.041634774966528e-06,4.977796317164732e-05,normal
687.9640113068677,474.44008580395393,0.0,203.08301308647358,74.51378056812472,0.0001664575126654108,186.3809419827566,374.35135585408653,330.1953043750221,0.7301275353572362,0.0,6.944672436264232e-05,1.020063141529527,normal
15.134424887541428,0.00035370500287028875,14.716796766562227,0.00038917048246035036,1.0213903872405257,0.0,341.8606476601385,871.9582394511201,5.452981382721598,0.010133626102739107,0.0,0.0,0.0,attack
656.8838378991608,484.8024038453723,0.0,203.59626406385536,76.34898899669204,3.599456836512138e-05,193.5002575565258,370.9162274931153,343.2186582899316,0.7376330038476974,0.0,0.0,0.9754281284238131,normal
2460.644083004605,2363.7432772998295,0.0,0.0,150.3227878232713,0.0,153.4720925165546,720.3318576329069,536.8940918419678,0.9709529713283529,0.00038272556570863287,0.0003765483328518689,1.022359223037547,attack
40911.567444816385,40059.64575181251,12.403535136656782,2.90013173111596,9608.810275869488,0.9639323829443757,62.69306578101685,724.1758177005967,3897.404611524281,0.9942860475020049,0.00042194984219997233,0.0,1.032760492779463,attack
9.202380306415566,0.00023266073344019853,8.64636915291447,0.00012122362974258318,1.0343685508809244,0.0,334.0807876026258,506.5686266503509,6.23411662043766,0.009865911499947757,0.0,0.00037859223426988623,0.00017583116908491238,normal
9.295131920431928,0.00019698778840298832,9.216350312804039,0.00015027593898063005,1.0273064161852978,0.0,353.9851893347287,533.3099591707794,5.947129274101479,0.009967318306115741,0.0004124947524149332,3.8315714666650046e-05,0.00036118771549262533,normal
715.7478056540488,511.50036549344566,24.094921693607425,197.28618720908324,6.006897965773522,0.13898902375850344,169.13781421629466,441.3188597040412,281.6664514363124,0.057136106392620054,9.574984548585499e-05,0.0004519401563911529,0.00014605623354028082,normal
683.0010533974162,490.8081866077246,0.00032107323080920346,192.5670315585617,77.59464216567604,0.0,199.3413809987997,392.08768915833275,326.8846568596948,0.7545804038238304,4.078184712372465e-05,0.0,1.0237598269531782,normal
14.320294114244577,0.0004140436140343036,15.525120013771172,0.0003757746055840723,1.0055924201116293,0.0,343.82412580062686,888.9696966876128,5.447966105778419,0.009596393903694793,0.0,0.0004752289120790587,0.0,attack
9.369966155589973,0.0,9.065799375775143,0.0,1.0374199866701845,0.0,325.0407463796799,522.7714665573142,6.127569417038306,0.010865634217437525,0.0003752331051508394,0.0002578178207883254,0.0004821299696287172,normal
8.628921637177491,0.00013105081525792566,8.968944052043746,5.5565956231285114e-05,1.0425427484396372,0.0,354.5480514436322,520.532715828656,5.9849074448559545,0.009847333251118121,0.00013910021253779576,0.0,0.0,normal
8.711309667677972,0.0,9.051535808452792,0.0,0.973390331160503,0.0,331.21280712740025,505.74738089954513,6.178914134808626,0.010206488552552783,0.0,0.00020385888871443298,0.0,normal
2555.2924075213364,2503.1056310122895,9.643461210590385e-05,0.0,145.7510660763619,0.0002678996161699036,153.7376163071292,684.8434039080146,524.8096556112307,1.0302052947615832,0.00012665570459289053,0.00029391805157949843,1.0264641796263645,attack
2439.9267915917003,2351.086715356439,0.0002434616186053773,0.0,155.57224788710968,0.0,154.33620567298365,743.2238910273841,523.2961533281635,0.983807033955729,0.0,0.0,0.9938027132699001,attack
15.521451703339043,0.000194985332489431,15.305620592110744,0.0,1.0297050579323008,0.00038783598645288726,350.7733205900665,909.6343596879224,5.596032027297304,0.010012383428434073,0.0,0.0,0.00026550307958682367,attack
9.269581354606165,0.00017373077944292283,9.02562551963636,0.0,0.9899734816907749,0.0004549634099569011,339.8506400899349,525.7223680947139,6.006315259036544,0.01044665275082727,5.120224033746491e-05,0.0,0.0,normal
2352.155248051903,2466.152930510042,0.00039774709475784876,0.0,146.542100562087,0.0003428118306141342,164.8996161863798,748.6756652657264,530.9099949060718,1.0371489534726162,2.9020691813500673e-06,4.3966082042335015e-05,1.0097089470182419,attack
8.97220699794287,7.552679742620528e-05,9.253746677671984,0.00018566192802952047,1.0018891185955696,2.876096111986595e-05,323.3119068592872,536.0664244274623,5.9343216782181765,0.010423799201979955,0.0,0.0,0.0,normal
15.223943863671186,0.00017326572589865185,15.311628231875195,0.0004697351613825035,1.0348919048358236,0.0002941069198755135,346.96472442908293,944.8552279680906,5.707043888184221,0.00979464333154459,4.7191137714870936e-05,0.0,0.0,attack
14.924257944177812,0.00026119300012124883,14.833161006120115,0.0,0.9677799328578577,0.00022237892437615162,342.41887172072643,864.3999916050352,5.785531540723773,0.0098327550607362,0.0004945993350569756,0.00037114850453069784,0.00014878718602274495,attack
751.5257103597819,529.6295025446809,25.3642989660303,207.14620396908907,6.063439127585917,0.13540843225459506,180.40535392456076,446.6225011122772,294.0119664833527,0.06140705921384919,0.0,0.0,9.10341280254022e-05,normal
9.003149015350045,0.0002447328759283078,9.096221216575538,2.3763851349510867e-05,0.9879455293320173,0.0,348.8523445937152,530.4005049288662,6.267212211990728,0.010842387310820628,0.00012137861128209748,0.0,0.0003043341902480111,normal
2466.178132965037,2447.018332985062,0.00015968171644736392,0.00018092709761766634,156.4443701881072,0.0003418516213389462,161.72391837046317,684.2041196358755,519.9495277440075,1.0278550136314466,0.0,0.0,1.0263568064852766,attack
39934.767719361575,42453.04898616904,12.512227284879827,2.957204213607175,9968.691840672713,0.9408344481459724,61.35127087511947,757.6817935219135,3549.6385297586626,1.0297517320055523,7.404678978391421e-05,0.0004692872008756564,1.0226659231068098,attack
746.1771734777884,508.8335617295843,24.820994489695625,203.73470475934081,6.0416537087427535,0.13583473194303283,168.10433394133938,461.82093389217647,298.9603187162793,0.05860703753928172,0.0,0.0002996749563898632,0.0,normal
722.3874706069355,532.2899622614088,24.813556823617755,211.43176600522867,6.193756580341561,0.14090817553278573,178.8218146084897,445.0284503106751,297.29372423317153,0.0632787176104499,0.00018182195233176505,8.666531656339904e-05,7.757984524853503e-05,normal
673.3217623383493,495.00869484674695,2.853307203595848e-05,209.6210052450335,72.71153704743604,0.0,181.48302908355836,403.7256588492581,331.12850745123166,0.7583362278237785,0.0,0.0004108193736470181,0.9592895236088783,normal
8.846313629219607,0.0,9.224147742361403,0.0,0.9829453741575052,8.046613777993872e-05,333.0233301773367,526.3413206300444,6.1163619803055935,0.010627395754145213,0.0,0.0,0.0,normal
8.55149312590485,7.868291973637753e-05,9.340893244291395,0.0002077713100716895,0.9818740799234462,0.0004732838214276851,324.3244913247032,503.93507578758647,6.116259486778135,0.010783493821736594,0.000489760451535639,0.00012916535145310367,0.0,normal
42548.26469289876,42739.88598553759,13.0849292102687,3.076022536935652,9521.325108761072,0.9353654341692685,63.45638682480441,733.9199221059789,3637.94200462648,0.9866713133392728,8.49623051774847e-05,0.000185488799328353,0.9762031525308297,attack
2547.11598436094,2349.752023592339,0.0,0.00044264187199021573,148.35359577418367,0.0,162.883306544848,746.6610294506294,534.9322522746448,0.9552936670711117,0.0,0.0,1.0019498407464775,attack
759.5166596879822,511.80429273142965,25.851454764486437,211.0175690669993,5.984591636845177,0.1454183272574429,172.933460741295,457.88925763684074,300.7130260864445,0.05818324749708884,0.0,0.00017521887259838666,0.0,normal
728.3894363962146,530.4040320408619,25.613820824450986,199.1295258603887,5.817895595180374,0.14273925099982693,175.61546314430754,452.6178079366703,284.61130195215156,0.062187456848817976,0.0002944988661107591,0.00012553167917917692,2.1364187387260884e-05,normal
14.32953833013145,0.0,14.624501539060876,0.00021895219894520215,1.0173250938800855,0.0,326.88791935544975,906.4613554251885,5.47400615693794,0.009570310822088033,0.0,0.00020768046263833413,0.0,attack
14.972675160628459,0.0,15.530526788888652,0.0,0.953018983366723,0.00018435025602734357,347.65658428616194,863.7961098754297,5.681177899257761,0.01037650342733544,0.00012384845482467765,0.0,9.125126384227723e-05,attack
8.869324393391167,0.0,8.975431595668605,0.00029500174092169154,0.9854919085564032,0.00035676092642127495,349.9277069910925,518.6574215657653,6.124179771817729,0.009942947111804405,0.0,0.00033487427549054415,0.0,normal
9.331342003732345,0.00025806708356616485,9.32426495644135,0.0001300081046626557,0.9992481504212458,0.0,349.08019834943445,497.8042468107221,6.231308578055361,0.009800179637505157,0.0,0.00047635770725799816,0.0,normal
15.27164821504877,0.00017800997212810268,14.794198512666236,0.0004169484182236126,0.9699023863416253,0.0002348993772318421,346.03351010865384,902.3285016294957,5.428170813378823,0.010230713650279846,0.0003741692890410278,0.0,9.690685272108333e-05,attack
2382.6594504133286,2531.5994268052173,0.0003007206648093223,0.0,153.23011641386728,0.0,163.34530584042946,716.5324164650324,515.5045720536323,0.9988597314230366,4.811817212782711e-05,0.0001495136093908511,1.0500419887336034,attack
41499.355030348655,39815.72453301128,13.096086560968974,3.1029283219576804,9872.34135504913,0.9863068165787423,62.392528753113105,736.6860936244001,3554.9010162430786,0.98208569422759,0.0,0.00021818255159568894,0.9810340412516538,attack
8.89709106317345,0.00018809477788184924,8.965037342428277,0.0,0.9724003751349205,0.0003213513569068567,324.3310118596615,485.9509458864104,5.709715517827395,0.009349799773371402,0.0,0.0,0.0,normal
649.9882307182672,494.9511591852708,0.0,206.7094568324392,72.17574185911963,0.0,185.5861118396763,380.63910231780574,319.6404955588445,0.7067823727279957,0.0,0.0003335205616624781,0.9745934819287377,normal
15.01708380284438,0.0,15.002855672935697,0.0,1.0155030052064884,4.0576233892696476e-05,331.1410812032907,881.2632763794677,5.619895777603095,0.010471932861392086,0.00010205885033277573,0.0,0.00023580201108085037,attack
2325.7968738591094,2390.038411723016,0.00027845429600825185,0.00038200230286442206,148.62965189682257,0.0004720252565843529,151.70821640753516,708.1529281728764,563.1537171508057,1.0099652715124698,0.0,0.00040420690170961393,0.9646690819905219,attack
2347.3512400092277,2474.245401246319,0.0,0.0,143.64298918588824,0.0,154.12239933961922,723.183713145309,559.1272941744237,0.9879857637966684,0.0,0.0001126699832065712,1.0140663144920643,attack
724.1484887117905,504.4066932232594,23.856586859892374,209.99572545143292,6.016260611883,0.13899969664174397,169.11693172524937,463.5194055313482,276.6908874837926,0.06200056402278952,0.0,0.0,0.0004524345506787797,normal
683.9971326861165,503.790509288463,0.0,201.63843745782395,75.91658191639503,0.0,193.03714994325497,379.42534667480527,344.5287388857915,0.7265990737336663,0.0003938339976531699,0.00045411370066249945,0.9957727767273498,normal
2541.2921581613623,2473.466496901239,0.0,0.0003973497300515104,142.60341352901392,0.0,156.4371966551785,705.2375050235265,545.8495237399177,1.0183192823232476,0.00038327716384183724,5.731051028982526e-05,1.0359886878897402,attack
15.251547635181495,0.0,15.618174976256313,0.000472463872159071,0.952430068215236,0.0003747861308347855,355.4333859442597,872.5779533754852,5.612542323258613,0.01088017878616567,0.0,0.0002962484930293298,0.0,attack
41215.38645045023,43947.66980340929,13.287844947396412,3.029959695101506,9752.838013542478,0.9815551518584158,61.36500807120611,693.2455093510487,3604.2762968144452,0.9508975229751976,0.00030312697710178,0.00043464368992938724,1.0366823298467516,attack
8.718732777803236,0.0002128705516940631,8.684143188499132,0.0,1.0415595925004364,0.0,337.1706109735355,493.46032032869476,6.097962354561953,0.010058838981928197,0.0004424363086079992,4.274616108429788e-05,0.0003690855111098401,normal
667.793646189368,474.0240833374036,0.0,192.19781108373087,70.6758713357486,0.0004133945812852828,192.1426917836107,374.6435254902704,333.9592701795944,0.7268476532202819,0.00043187129240958966,0.00047676002891420047,1.0216842617132442,normal
9.395945696976538,0.0,9.36389899317501,0.00012347882147332957,0.9952314560493982,0.0,332.8815186668934,511.591668824992,6.062933375325978,0.010745289177431236,0.00019061459457757197,0.0,0.00020872507194689776,normal
774.1502434840568,509.8561332225373,24.96928085531032,201.00576235838344,6.239061938927212,0.14737718139143755,174.24093951693186,422.4682408703054,295.23226640737073,0.057512253267087546,0.0002166340198887831,0.00046110185689795456,0.00013915808505735969,normal
748.2970442725739,512.2287452244872,26.169395860199266,211.06684337120976,5.708394585913801,0.1383768390386057,170.04770515906654,424.5917933518317,299.0288624685731,0.06280579235086456,0.0001940676202798969,0.00020512352682004728,8.841231666967175e-05,normal
42960.139590155304,42375.558797546124,13.017700703538685,2.876343287762904,9783.45186703371,0.9662909254594211,64.99079023731112,704.7790360955124,3559.0750274899938,1.0504086545387725,0.0002701408284797838,0.0004638436726904356,1.0044095553610393,attack
42372.39103907496,41255.71209277366,13.11513420330403,3.061767110023554,10443.621470035378,0.9946185543200421,61.59602730699298,691.0570202146953,3757.6426610656895,1.0100874027753914,0.00042872301926953616,0.0,1.0442588452491637,attack
675.9601051346602,505.2871208629285,0.0,202.35025254949798,77.55562218614254,0.0004919632144522243,193.42256465701666,396.5266757322794,349.07803954033795,0.7180407948109618,0.00019147470782823278,0.0001197287994550901,1.0340614620153494,normal
43548.93090842274,41528.92531654676,12.676501263805816,2.899726439397979,9644.421864010035,0.9442327234225165,64.21278835290803,701.4643687363725,3639.8501790429573,0.9929438827569431,0.00019461639643525514,0.00031913891240523405,0.9931749949708981,attack
2456.3394811618673,2482.394217274657,0.0001029164841075375,0.0,143.9850537430379,0.0003594397124273448,157.41176164188397,721.5573132173064,560.4950823693359,0.9566878644591071,1.0410884368697721e-05,0.00033344233511436354,0.9821772630377257,attack
781.9256332854557,500.27230321807997,25.669974865750753,209.86632581243413,5.768701918850607,0.1474647424990502,167.30487202689557,422.3791194167741,294.4197077269903,0.060280146546863846,0.0,0.00021623915794297984,0.0001768634370235185,normal
8.73220110166683,0.00013749179456922888,9.119828513826555,0.00027209328660285386,0.962525389787,0.00028069068962438006,333.92183682344034,493.73707781282314,6.259552799370473,0.009980660442265945,0.0003592177874146385,0.0,0.0,normal
15.446131559713066,0.0,14.38800576665166,0.0,0.975025268829942,0.0,332.7834707025654,857.298370737986,5.833828955864937,0.009471423850438752,0.00019883918960362653,4.364223604270537e-05,0.0,attack
763.0311560569246,534.4766640497812,24.3670748076227,212.59692964622047,5.7582490435314835,0.1353464296473321,175.01354312701835,439.64030514551905,277.3210569178669,0.0594339688213602,0.00036901481574952877,0.00026571321009720135,0.0,normal
766.2322537980364,496.96380486374017,25.396820210983808,209.01792556027576,5.728632001635323,0.1437627119857134,165.13016142768672,461.8037788957689,299.19695171572397,0.05880445343204072,0.0,0.0003688982280753304,0.0004724550119546005,normal
2358.55846503255,2451.240406151785,0.0,0.000344169345518283,149.9479637917745,0.0,157.56326945501428,749.4753080790281,559.9097666027463,0.9877269932488387,0.00023741044339013778,0.0003951959220191534,1.0075590890719825,attack
8.640290255888122,0.0,9.138024160806301,0.0002591734997119423,1.0184010914961321,0.0,349.5371300135163,496.70249751722287,6.091076058982088,0.009333610192506904,0.0,0.0,0.00016644607896141266,normal
2497.517175843073,2468.4067998686696,0.0,0.0,146.9426993909254,0.0,152.21072120386845,690.3640371957057,516.2659406859746,1.0183732603931577,0.0,0.00018447992451023522,0.9670179787313854,attack
14.711830919669376,0.0,14.371762234610813,0.0,0.9714964147545598,0.0,344.42243102235005,939.8581086852151,5.378748315871719,0.010844100260561939,0.0,0.0004960158785021678,0.0,attack
42314.63835956857,42950.72646556092,12.939041143045156,2.906457208846118,10307.587782128147,0.9669220149857768,61.75234113259286,743.8098820378688,3570.7741557305603,1.0121686111439336,0.0,0.0,1.0020771411421712,attack
14.746961597064436,0.0,15.543353544640865,0.0,0.9553944536236327,0.0,343.68385552135413,874.3833416442461,5.92719277281633,0.009388788118334431,4.176598285041876e-05,7.621758874114495e-05,0.0,attack
9.379313849175634,0.00011294224681242026,8.971200395090253,0.00016623650788376632,1.0427175554880665,0.0,326.77163593978656,492.78448718173655,5.9416267318712235,0.01058982022524384,0.0,0.0,0.0,normal
681.521152719286,498.6242412637288,0.00012692731147858447,209.36146973595547,74.96147538712813,0.0,190.53716252172353,380.65821064827486,333.6164597495018,0.76181107796323,7.679978729575931e-05,0.0,1.0370328374283917,normal
2409.450462339888,2434.157974668501,0.00011220561138279003,0.0001744728340491819,148.3414414841907,0.000360969412624441,161.60527292567733,716.5092342127367,551.1594099846542,0.9681453773905602,0.0,0.0,1.035758307402564,attack
15.499599649899588,0.0002402487291215913,15.328280583989988,0.0,1.0350158153350053,0.0,348.9571472812284,873.3097979574733,5.431147085067728,0.010468560042887909,0.0,0.00033108437219765154,0.00045684311944019815,attack
743.6942435388738,524.2039461223682,25.232791531211657,211.18375159933672,5.828554014459296,0.1438038004802169,179.88889689292438,426.3873426099997,287.561191032236,0.06253677912588777,0.0,7.271486196822871e-05,0.0,normal
703.8374311406945,469.4180178314372,0.0,201.03548446434982,71.30318566045732,0.0,187.49841506871502,384.1133839085916,344.630707237606,0.7363652615671022,0.0,2.3342307008336062e-05,1.0308351386531687,normal
2430.773789555985,2560.320927021037,0.0,0.0,156.007454608399,3.078543248088914e-05,153.77190398351897,752.6327281778904,526.1177750999408,0.9986742284097733,0.0,0.0,1.0433081442983516,attack
40779.80470946569,42772.26494232596,12.53820456121,3.1329046662202176,10378.870941015417,0.9869135104849582,65.7170524314063,688.5328667060966,3588.3331362615118,0.9577591245459727,0.0004959400229845931,0.0001946648479690831,1.0299234969620084,attack
759.4928928362922,521.0811952982556,25.074797563607387,206.89824839042598,6.1611004236222495,0.14236289799994772,172.8803081059448,444.3281187216838,278.7961380225939,0.060852716442252576,0.0,0.0,0.0,normal
2531.5044198456035,2416.272195907753,0.0,0.0,144.73325992547112,7.272427773400314e-05,156.12637101665308,700.5395743953767,542.3875650191528,1.0323916240382038,0.0004479575232255019,0.00044733300964757376,1.0484208358566798,attack
2558.186926658712,2327.464992979777,0.0,0.00034549553955600775,142.67994359792718,0.0,163.8284830545647,719.5233004991334,562.9164784973879,0.9936103436311221,0.0,8.413902763096468e-05,0.9878374507794113,attack
9.384149230273364,0.0003282446449526259,9.058103893393971,0.00015370148350590918,0.9678407647248336,1.3086743485230881e-05,327.98492024915646,485.76366425277735,5.9964035725440095,0.010065572101851267,0.0,0.0,0.0,normal
8.759422307994138,1.6063277979631168e-06,8.582349784638748,0.0,1.0330083575521842,1.2928801129490006e-05,323.431579275661,492.4456709452284,6.273935105013407,0.009437546786208494,0.0,0.0002653832583896225,0.00036838416734551876,normal
8.569657836103568,0.00041801725441544966,9.43441026530599,0.0,1.0493267447602497,0.00019702650742464952,323.85775740752683,506.38617667812133,6.269008027533243,0.010291059848730813,0.0,0.0,0.00015789609422479743,normal
15.460019642508316,0.0,14.879555947172866,0.0,0.9741660290655352,0.0,336.9650399238665,887.6519897489661,5.772702635927645,0.01045987237003806,0.00041843316606721695,0.00020054169277647653,0.00034239111246108195,attack
8.73077017493702,0.00026236846810353555,9.035973652277532,0.0,1.045473571866046,0.00018083464417487704,350.8179199799205,497.08516953073934,5.929947713382231,0.010365849137412236,0.0003210392825408222,4.8954400180654875e-05,0.0,normal
14.280729402667294,0.0004377202256620466,14.571455124242634,0.00012489358377856675,1.024663629021965,0.0,325.69020069288734,879.5564286516383,5.3841398905290125,0.009091506358414539,0.00037660609929166965,0.0,0.0,attack
9.342573244841033,0.0,9.009260594386596,0.00017495827360847205,0.9855218624347788,0.00013797586285900374,344.7169577849189,500.47070230613633,5.785980015742019,0.009629027632877686,5.238939334404599e-05,0.0,0.00034865592971406264,normal
14.961072348560426,3.2928332487400026e-05,14.362010893507104,0.0,1.0045525190754772,0.0002970428678179507,346.6982940288043,897.9881789058051,5.776367654202253,0.009058158443207969,0.00011608974567428245,8.083300688908765e-05,0.0,attack
14.562449044865563,1.0226091637568144e-05,14.515943131810015,1.1519389838284822e-05,0.9672682189673106,0.0,354.6773618661402,887.775495331828,5.6086737287762185,0.010561349149380046,0.00037593916565750827,0.0,0.0,attack
40399.927677954474,39820.221263465275,12.60279698074348,2.8750963025146565,9775.942017290947,0.9772225774639706,63.07403660520372,721.0539216922225,3718.270433996387,0.9677416919379033,0.0,0.0004001983195531145,0.9918924976050865,attack
14.529000481959438,0.00038196244064195626,14.45027584567427,0.0,0.9959316736979255,0.0,356.04868070841746,900.6250906101546,5.614170689495142,0.009215754610331861,0.00039890762654289384,0.00014816591685212017,0.0,attack
781.1622925175188,504.2568854834022,23.81203936526466,194.32669625860402,5.888140861685865,0.13882490557696148,165.36211871334748,461.85499757054527,291.4490871211575,0.05895901400110037,0.0004933951433271737,0.0002588957967473725,0.00029718545643835705,normal
701.1479804093331,467.2742888429007,0.00036041153085110286,207.60073126475245,77.47742160960776,0.0,190.29134922048135,370.3033462967956,340.7600327367768,0.7216750559124778,0.0,0.0004870443028721219,0.9657407420744933,normal
9.366982023036478,0.00016570240380962248,8.923022610773272,0.0,0.9756581481886195,0.0004269328234644937,354.0703346927148,519.4589449909596,5.751868359432347,0.01016518574805641,0.0,0.0004506225130259255,0.0004714944743944435,normal
15.115384978344597,0.0,14.757523158269375,0.0,1.0215677569374528,0.00048644250685765737,355.68375906562363,913.1548411651569,5.391508675633103,0.009245862738931415,0.0,0.0,0.00030909037953034664,attack
41003.44747448983,43260.512493918744,12.478407048954072,2.972264207433011,9867.370002411508,0.9705893641039421,67.72778900810872,730.5512823544246,3890.4496708401066,1.0369490252286198,0.00033553890439251804,9.522669970855748e-05,0.9849644614195042,attack
710.2483308059094,494.78791149948825,0.0,195.9101305127636,70.63647496616782,0.0,193.7495699510729,396.71628276944546,337.1772305411209,0.7146924841907698,0.00044848035732220656,0.00013923104126800187,1.0388081584513293,normal
14.944075922582119,0.00036100747454049495,14.607484996331763,0.0004804860598363996,0.9913066472421102,0.0003125270976181803,327.42183000795376,864.8797538295848,5.694248890995693,0.01031898314671192,0.00014717494789331793,0.0,0.0004274503127081036,attack
666.7399778014286,471.6298069148969,0.00035069458553508626,205.6845500947914,71.12754539923601,0.0,186.1979902978082,391.30478174497387,340.73617451556197,0.7048984443323212,0.0003121781921480667,0.00040857623972668,0.976513393930868,normal
773.2611637756936,539.5259913773014,25.132326946828933,207.84221115535632,6.072136982221183,0.13575740642436168,168.08703714819242,452.5687716547304,284.76661557468594,0.059195483902475594,0.0,0.0003731463671623618,8.244327551775316e-06,normal
770.3142822071793,494.8910292841704,23.785114081551697,193.89179917991564,5.763146942984737,0.13644413336926345,165.31358550195432,458.8791948729004,276.9936055987741,0.05656649659995069,0.0,0.0,0.0,normal
41633.53406749852,42691.097799292766,13.587936789757686,2.8740423228374135,10123.323373049665,0.9843073678724849,66.63962413244704,726.3580231386192,3886.1460386958056,0.9731101675813842,0.00048707150629190705,0.0004903951204233624,1.0003552301103,attack
8.877683415991294,0.0,8.793595041995536,0.0,1.030266570570465,0.0,340.88135677354535,523.925057593751,6.157359849057371,0.010751130932620999,0.00014460095168846693,2.4571640617720854e-05,0.0,normal
730.5621765308892,498.69212629926847,25.121711411806007,203.05253113363057,6.077231238241366,0.14216547572279667,168.94869902863346,451.7518628590348,296.9773857049789,0.06072409678576995,0.0004923818373205903,0.0,0.0,normal
716.0255553200559,501.22202066953463,26.235187248097347,200.86482713368576,6.029019563334375,0.1491370590970281,170.1212952517169,448.97259222833753,279.4740440592724,0.06193258205094141,0.00026838551360959295,0.0,0.00038568676252282455,normal
42009.92943529001,43131.600253034514,12.973549454343475,2.9918296667997635,10430.875328588836,0.9950893890151531,65.90574333005283,715.1752160606267,3680.966885669749,0.9571035551869779,0.00039422280852256894,0.0,1.0504599991623593,attack
43372.79615427184,41020.71223233635,12.69717899855567,2.9155865849345,10038.275569979805,0.9132067660643053,65.48773586151185,706.644061377607,3675.9526304931737,1.039978274253886,0.0,0.0004936422823331342,0.9670900384983846,attack
9.033447534724958,8.545051687754255e-05,8.944840464141766,0.0,0.9913029550012206,0.0,351.79835678151767,490.12994538570604,5.832738487558812,0.010897894023038151,0.0,5.518498013219255e-06,0.00019616152506940168,normal
42529.6863226749,42831.34625846666,12.371451241118928,2.9139241583562407,9640.41828872424,0.9653594728910743,63.41823251460821,738.2050252140339,3744.254873392174,0.982923009810773,0.0,0.0,0.9843869468106187,attack
2353.290947345935,2512.0288550354685,0.0002997297892091441,0.0004998141802718493,145.14320806907318,0.00025554767629039175,158.44304841202518,726.0475652889781,554.3473851086294,0.997872411235013,0.0003346738638611073,0.0,1.0060118770915996,attack
42433.485122115366,41351.99766485393,12.847226854847081,3.040596507212469,10053.828068362136,1.0057837666659697,66.6116487942008,742.0490544586372,3664.2772243638346,1.0466537317547486,0.0,0.0,1.0451200230350568,attack
15.265505133261188,0.0003659177801615629,15.562720445005201,0.0,0.9996755568774445,0.0,353.6393295441138,940.6318660236298,5.607985412455706,0.010130031663220318,0.00031430437842182123,0.00010317955591805552,0.0,attack
654.664723838745,480.2750874619699,0.0,205.01349100747177,74.0782961490693,0.0,187.47513960586156,400.28994603246565,326.59454200369976,0.7671007165419318,0.0,0.0,1.0053419251834679,normal
715.6176401474685,499.4353220989314,0.00017863986103536567,201.9860344213095,71.17856513221625,0.0,197.6608357250264,386.94993224999615,343.09716282477723,0.7160698605564274,0.00019978729125889286,0.0,0.9937413551140424,normal
8.965886468825829,0.00024271037111642162,9.359974690538692,0.00026404335688191355,1.0231926995294536,7.030347641986276e-05,341.867729106535,529.3331896793355,6.211772311331834,0.01022563730742223,5.5585660654400846e-05,0.0003338739116807618,0.0,normal
8.800055006570966,0.0,8.779228837055356,0.0002983774848385451,1.0312020481342816,0.0002674592124912345,343.48256848309416,489.6653561032697,6.034597347227966,0.010085815682389743,0.0004498492643740974,0.0,0.0,normal
685.7384339618334,464.87026395483366,0.0,201.08893911664407,76.67601062021407,0.0,193.71155798643824,383.4221350702561,322.25036136899536,0.7506046570919325,0.0,0.0,0.9717774920502589,normal
686.3994688172039,492.0034325392286,0.0001450771488573631,205.74237398635276,75.79350548378525,0.00032260147716637103,198.15290044165178,392.42356869288983,331.6051423518779,0.7678819746306181,0.0,0.0,0.9932945514092274,normal
2442.173317617805,2350.8574669451473,9.812157079264194e-05,0.00011584381693128664,150.32664868978867,0.00020381746470536297,159.76470496217016,700.773182307525,528.3406171123817,0.9644539860686879,0.0,0.0,1.0486836708847898,attack
15.739838034860108,0.0,15.199225227355992,0.0,0.9730570852805963,0.0,323.7265089428722,937.7456987546313,5.735600255050409,0.010315935266526303,0.0,0.0003795903445427461,0.0001415677736328276,attack
9.043263609187155,0.0002322781351353545,8.984481087807483,0.00037196092385006444,1.0485796446385922,2.693359171698294e-05,323.71886066950583,507.9509952035504,6.069882665916715,0.00907468018521077,0.0,0.0,0.0,normal
39919.2707374932,41820.45790513097,12.733206061820662,2.93594416211227,9953.730240979447,0.9659134172215122,66.61515897521636,755.7664957675524,3605.0185801777398,1.0228316049748685,0.0,0.0,0.9627232757613553,attack
40395.82810984245,39814.718120452846,12.86941712659745,2.900759598974336,9933.56455813744,0.9510488823481613,64.6828191167359,703.7305156693684,3550.2614861558873,0.9685772113641885,0.00014877298481025676,0.00010500798990923418,0.990240872357909,attack
709.8347094289095,499.20279701391127,0.0,190.9036227956323,75.00419656576231,0.0,192.48107552956063,386.0335350424853,326.12004631638405,0.7553011542861076,9.65968442124012e-05,0.00028242244637014457,1.0088010212650431,normal
738.922503317351,496.984118625639,25.84148005606889,201.76417348009497,5.825724954469967,0.13571555484607525,171.8955129803672,444.6450890852649,283.15628974941467,0.06027524636886913,0.0,0.0,0.0,normal
742.3720436041925,493.58700892828136,24.334953962294826,192.86495922197682,6.175680846211435,0.1469357369624545,168.4663874993431,436.58435447667534,275.6206827094453,0.06319400775594,0.0,0.0,0.0,normal
43689.59649914339,43199.93741278639,13.502087647225414,3.0160186476119026,10346.660717538129,0.9538229434834341,64.76765528964994,714.0121421998233,3546.238178508982,0.9597401056550111,0.0004398376744365577,0.0004771664784555446,0.9637337261054089,attack
649.012656674434,480.18875838616657,0.0,191.1527668586856,72.4483447799266,0.00012045136684463998,185.09682706663958,400.6137165940996,331.01831558666646,0.7313336684789121,9.185660356764159e-07,0.0,0.994194975708707,normal
14.449249645196396,0.0,15.151478599608065,0.0,0.9828052377968742,0.0,341.651592051511,897.4815337101122,5.734634987971513,0.009079135703713118,0.000239284229546423,0.0004399320367015119,7.173723890394535e-05,attack
725.5975464648391,497.24831642564476,25.411392934377634,196.41526446354933,6.150586954545292,0.14015740884741834,173.7897677064192,434.5384605704923,304.10419136049853,0.06318599577709466,9.457452110953377e-05,0.0,0.0004592270431689199,normal
8.863125291103367,0.0,8.68520061267011,0.0004141455078548838,0.9774261403230502,0.0,335.0438690829487,503.26676821680456,5.877452899385034,0.010135871719557711,0.0004702607078768437,0.0,5.707401298919265e-05,normal
736.8096282012157,533.45483105025,25.644152287156768,209.53593205904542,5.9732315733632415,0.14715316950985258,169.89591565433687,450.258084222058,278.5899182619312,0.0619349347050909,0.0,0.0,0.0,normal
2458.3836598483,2401.432026252483,0.0,0.0,156.6212559800901,0.0,163.74727727244067,718.7810878294565,527.6614198171391,0.9643295978459641,0.0,0.0002576523010214062,0.9977848771278616,attack
42363.70233926698,43647.365685019795,12.853521146292161,2.9488485146175254,10291.03578113384,0.9409085808638987,65.37822760952729,738.3087815695201,3559.7276059234,1.0123909624276772,0.0004332734880934319,0.000193529920413342,1.0287401842192236,attack
2560.8727075546467,2403.8163294542196,0.00019635384431306567,0.0,155.70552312463207,0.00030553605647601524,164.49971268686767,748.4325857090431,537.6464566653698,1.0358859230078419,0.0,9.97327291630603e-05,0.9553744590499883,attack
664.3579949748893,492.47400392553243,0.0,203.27468845990236,77.0049152048828,0.0004371557038942346,183.28881530742095,400.21149598801776,346.83354423017016,0.7190659113680882,0.0,0.0,1.0409542884114704,normal
679.170482910984,473.5973039077458,0.00031827617393767247,208.10682755085858,74.33015654339404,0.0,184.0830932018294,373.11853586598687,338.58000382317937,0.7397673872803657,0.0,0.00024826054627424474,0.978730723251371,normal
716.8946686331685,488.91872874967675,0.0,208.23384750531847,71.53164859465971,0.0,191.69663942123987,396.0406350899097,323.5960662267925,0.7098986802633234,0.00014322458959461522,0.0,0.9933640852841958,normal
725.3601501209542,511.283878983234,24.015127148301367,197.97669067288845,5.737517154151196,0.1397274630867217,174.15212480064022,461.8145231696655,286.20651763341067,0.059428911043554966,0.0,2.7509425652354618e-05,2.955596742982625e-05,normal
686.688101562515,491.4400720716978,0.00021422627738412663,190.00480342324337,74.05047572044778,2.0061718130317958e-05,196.78461443651003,377.71704066266267,320.024209864355,0.7290219465639423,0.0003299911434433708,0.00035613655417132114,0.9818505349419703,normal
14.754982220251971,0.0,15.136972640910807,0.00031576614157634547,0.953052947933447,0.00023141249291618065,330.0804361202318,889.156024868509,5.4137632767526735,0.01013872426878548,0.0,1.7124868871162478e-05,0.0,attack
2459.553395954183,2447.9236686180666,0.00024772881229846277,0.0,146.9481169505915,0.0,157.50704075947658,710.9247248225488,561.1093749865828,0.9568402066519116,0.0,0.0,0.9496930343757172,attack
14.26465467064139,0.0,15.058135594878998,0.0,1.0272087588321341,0.0,332.83170376723865,863.7139189667823,5.4669023144065685,0.009475914019657822,0.0,0.00034452625108823923,8.626015692761224e-05,attack
15.522852619278673,8.111262245886431e-05,14.633578626609864,0.0002497492667060486,0.9582890523756662,5.589318378637076e-05,324.51348236737886,859.7778681018083,5.415675127792891,0.009366449334130176,0.00024879417997331884,0.0,0.0,attack
8.811547448597148,5.532032327080237e-05,8.924121713258433,0.00045340438669563094,1.0034757387895603,0.0,351.04239143622715,532.6929100798192,5.940752117931798,0.00946540768794618,0.00022787461535435247,0.00020514542083168637,0.0,normal
9.168101552576525,0.00038170395906604343,9.306462369977687,0.00026952832133984986,0.9680458783025038,0.0,350.1664451997384,486.12972074417513,5.947312612144116,0.009598103149036733,0.0,0.0,5.848665484141348e-05,normal
9.405646521486322,0.00033724084535591726,9.448034557530109,0.0,0.9972862293142306,0.0,349.961369296555,508.24110434202964,5.729509454557628,0.009495379534260617,0.0,0.0,0.00030582725477987254,normal
14.75543615509993,0.00045221154063170845,15.259143158143921,0.0,0.9671208748362866,0.0,324.461368042357,917.5552882099023,5.628740455207725,0.010764218953745403,0.00034115190975539167,0.0,0.00023658317450951595,attack
40081.96458333991,39846.90858306111,12.751202908676106,3.100650383684846,10189.598250415627,0.970667581720248,61.331284448093825,716.420876266954,3831.7156802920776,0.9705122865909989,0.00041696653213573213,0.0,0.9798782514359035,attack
40408.82327424312,43121.85868140906,12.364807646418033,3.04007430934939,9826.601824178315,0.9157342031334313,63.0031409813225,695.3641135122339,3702.7666341772233,0.9870572413500065,0.0,0.0,1.011713435422774,attack
755.5415299903588,508.2302801244351,24.049199277741987,203.82884231189246,5.856427198608036,0.1354332823302097,177.74777203999184,424.0240935716577,303.0575297848333,0.06049415162438749,0.0,0.0,0.00039342634239542955,normal
782.0802329880195,530.2297424473649,26.195138062475117,192.91817257951564,5.881058704139175,0.14142871198619583,167.6329413116437,451.2087388250176,292.2198525742677,0.057159575528442946,0.00010376028115410309,0.0003307506031113104,0.0004474590105918506,normal
42505.81763766876,41552.45618286711,12.414900228642724,3.001435135481915,10449.322055415412,0.94158090641307,62.429059148145555,732.1535724763484,3896.2836137953022,1.015892097347793,0.00011871499703302605,0.0,0.9860839162886388,attack
675.72549662502,506.0165272534624,0.000280785020913744,204.27106494913127,77.54074246532527,0.0004290543241717201,190.92375556931412,371.3669496924867,329.5099979632501,0.7104700461651283,0.00010556366760372346,0.0003469988064815205,0.978383376019176,normal
14.766274842357822,0.0,15.504897899044938,0.00042739018046697083,0.9797369338909353,0.0,351.98142219705244,882.4097204974107,5.939503903120394,0.009122472069571924,0.0,0.0,0.0,attack
749.3355898970242,507.2509986954277,24.528456144266563,208.05662435958192,6.1982895796298205,0.14484537935145575,170.02163336489699,441.3560533278009,292.11998065693564,0.05899192476550173,6.393784352529949e-05,0.0,0.0003378433920684255,normal
2332.3045303586987,2342.9692851048803,0.0,0.0003805300154751228,157.25416417979787,0.0,153.1332470597077,746.3275228648015,554.555600710711,0.9810897759378405,0.00018705258315393424,0.0,0.9900361928617305,attack
8.782432937692075,0.0,9.340450798495615,0.0003563664791202098,1.0493943210357517,0.0,325.5775811447521,514.6732377495343,5.783770366485054,0.00987594234362548,0.00011220211485388307,0.0,0.0,normal
8.943363518696517,0.000343721955443788,9.032709801016589,0.0,0.9614190554989048,0.0004511718789599682,350.4114147780901,518.8050946084677,5.986428047814436,0.009987500749013181,1.0867408058320426e-05,0.00047950196427655716,0.00017343530242577647,normal
2429.388138889734,2507.394352755466,0.0,0.00043060381418716837,145.3489369901613,0.0,163.14394127513881,738.6694680939738,523.1388036535492,0.9593152514127091,0.0,0.00046006294485064115,0.9942270392211614,attack
14.731451411450342,0.0,15.388771794037016,0.00036397258029841534,1.0108120549062902,0.000480190771066714,336.0914148918681,875.3958531821233,5.7096985221967245,0.010044683836508273,0.0,0.0,0.00042093496796716994,attack
655.9815317378494,496.04767446990536,0.0002593229760826411,202.00438114326386,76.77058945492622,0.00029326942929425214,187.7905742962489,383.0176175005452,336.1440852168193,0.7332666733497418,0.0,0.0002759809680467236,0.974883789262903,normal
43022.247244030346,41116.37081034251,12.565622236294015,2.971078498041884,10292.746221001025,0.9482035753237179,66.13113947255704,754.2134428757726,3784.163475883365,0.9853442961442587,0.0,7.030681739192433e-05,0.9617058402402864,attack
2546.45869702607,2361.4283709898455,0.0,6.265924481984305e-05,142.56734561955273,0.0,153.56510549118983,693.2444752513051,521.5873352345652,0.9848084684983066,0.0,0.00021190010854012524,0.9885666276722949,attack
661.5325148576547,481.17973606435106,0.0001857102976840655,196.0776662020632,73.46049079831475,0.00029271515756570986,193.8354388039082,392.72975281976073,343.77616135300036,0.7075696554819828,0.0,0.0,1.0338386699759226,normal
2483.5476331423665,2535.646379677669,0.0,0.00034827108262204683,146.34286170663327,0.0,159.0075064084205,696.2726424109051,563.8911880459526,0.9688593774703972,3.376955677259583e-05,0.00011586627408238772,1.015808834124807,attack
678.2005048113384,488.2880577899354,0.0,199.87115665110963,74.76494791689265,0.0,189.3430208005542,402.33496917977976,321.397924662472,0.7235764843827934,0.0004624005632181243,0.00034793921475098286,0.9909754171819216,normal
14.507515942180031,0.0,15.265884427005544,0.0,1.0151306111224296,0.0,334.4031190720253,925.988216406092,5.676330789921119,0.009946594654721941,0.0,0.0002400793051854007,0.0,attack
14.799584235574997,0.0,15.19737418290792,0.0,1.0127871858977742,0.0,349.22127735426415,917.5430955006759,5.733160736851672,0.010132508615056372,0.0,0.00044230355734643957,0.00011851418174183358,attack
14.614920825671302,0.0004747897640529533,14.98467855429281,0.00045151433020467467,0.9567449029617437,0.00013403833675375594,339.4581293058122,907.1780106589125,5.687651709700309,0.009196126716479137,1.8736003208181667e-05,0.0,0.0,attack
696.4515696196845,504.25506445346053,0.0,204.15165751248648,74.00124081089139,0.0,197.79478104031213,396.6701291904521,323.3261494980403,0.7761517790373933,7.511228464346723e-05,6.46119440423712e-06,1.0086199320003333,normal
15.391845791357815,0.0003813008099306592,14.276448046087134,0.00041692888534542935,1.031528763037439,0.00013424281054538135,325.5938515312835,882.2401988898412,5.7624843529383805,0.0093925299682647,0.000326700480255271,0.0,0.00014489989828095392,attack
14.749761309674017,7.921562524640088e-05,14.349738611990363,0.0004751837650623185,1.028752691456643,0.0,350.71557314911814,921.0678162685322,5.401737375132437,0.010196478624292446,0.0,0.0004909239486922816,0.0,attack
41600.58334982289,41450.68735252482,13.209055034191726,2.8579570011254773,9578.772441470064,1.001985428799844,63.074394879101575,695.9095854409211,3811.309596169972,1.0039725324984068,0.00041427586585318643,0.00012400015113269472,0.9746669788961199,attack
14.304345563392156,0.0001493824044376793,15.714843730650374,0.0,0.966660240903448,0.0,330.3782678376756,932.8232611918459,5.564380950421,0.010744085955149295,0.0,0.0,0.00032909441185136404,attack
650.7036299829161,473.96090124051887,0.0,197.65219788815972,72.05631907886921,0.00011670217954387385,197.4376496235953,398.19383192237126,337.6393501071263,0.7109361386611941,0.000246685742576437,0.00022580008640764578,1.0224805443890006,normal
15.372986276367126,0.0,15.18209154335209,6.140151202133273e-05,0.9801592249747478,0.0004744396502513991,323.9822513609989,895.9288021968368,5.484554448440584,0.009796840386892266,0.0,0.0002524073961740206,0.0,attack
14.658045053218615,0.0,15.622775407217105,0.00039426613170012725,0.9931473512763133,4.9563849608133886e-05,351.9388105603912,859.6081596149412,5.786011489414388,0.009266657914487041,4.232613803632178e-05,0.0,0.0,attack
773.5235026928054,520.2698121947443,25.96034194230905,212.09168880321502,5.9990830078280775,0.14503828557619108,165.52010276463363,440.99024669791027,283.7451587135948,0.06343820465155911,0.0,0.0,0.0,normal
769.2370523380454,494.7342641093584,26.066346403871403,200.89500646469773,6.0067280471424676,0.14590180711325007,177.31021776173654,441.99934681445114,279.4595873460908,0.06310954904938601,0.00030731808082831686,0.0002912913099861447,0.0,normal
655.344102382341,506.16210107158787,0.0,199.86289367260207,75.32396036886526,0.0,199.26637588369042,372.81130602635545,338.0476697988238,0.7701635135392287,0.0,0.0004634795754777557,0.9849000276015801,normal
42566.78622336539,43575.89340866504,13.004609410530211,3.084631146486955,9968.469436677195,0.9107399489520107,61.9423340377964,710.7241239224911,3658.849784995942,1.0325348702322183,0.00045742715978301803,0.0003026321160868667,1.0060532413407028,attack
740.4691695188986,532.6223599723028,23.868570465938983,203.32934007427778,5.877019546963659,0.13941989315437017,168.64536019643958,461.62560958589484,284.75410897414145,0.062324802296419124,0.0,0.0004178402623700137,6.7607586995286e-05,normal
2337.1045826852187,2357.90747707532,3.56625224383221e-05,7.676335990384183e-05,146.69460665755176,0.0003972421978984068,166.47495436580405,725.0789580060058,531.8986975951913,1.0263785423979237,0.0002879282702238004,0.00030679733736712456,0.9922746627332152,attack
43595.34866153955,41802.52304983812,13.421546667285718,3.0005369497260475,9618.665995516501,0.9183494723166652,65.32488056385728,704.936409689534,3569.9203404642044,1.0150717663499307,0.0,0.0,1.0112066591313353,attack
685.836166902166,489.3772558374951,0.00012181030410177554,190.69743178670777,76.80784231847366,0.0,188.77852976681586,403.2554642581932,351.2883485503906,0.7092442572533652,0.0004735145889066535,0.0,1.02912676707917,normal
39875.54700822478,41309.46386029156,12.830487097508339,2.9788185522275024,10297.649642470831,0.940805799778811,66.68485509483243,729.249622062149,3833.6080252929496,1.0081859913114783,0.00021993821484502963,0.0,0.9831340546825864,attack
14.36432547556851,0.0004298031634600187,15.178844827041289,0.00023587359855051324,0.9689280572824183,8.438272203911523e-05,351.11076929685294,901.1574270346608,5.63847227623344,0.01067480465436639,0.0,3.102872467802463e-05,0.0,attack
2355.244786424766,2492.390822398341,0.0,0.00032882622140533477,151.46771052363076,8.12599245920783e-05,155.94194967263928,685.5515058667264,528.6668624447833,0.9733946370814323,5.099344188439624e-05,0.0,0.9723434388424689,attack
688.5347603253567,497.6567173330348,0.0,204.63369658032224,73.74068574243626,2.4861247824894268e-06,198.41306476417168,377.80553417884863,337.4272490643819,0.7342945308140654,0.0,0.0,1.0135879515811224,normal
751.1208170916673,514.6173372412137,24.158492869764736,208.79156040030162,6.101259053774181,0.1397827987543405,168.13599214797284,444.4607327641242,303.2617511926354,0.057291588016702505,0.0001623027098897599,0.0,0.0,normal
782.9285635606933,495.2212081160997,25.322974064601663,212.1967328820834,6.0581008845245545,0.1499194733891881,178.89975788274623,451.7573695064955,290.1632707096396,0.059771619412128565,7.284601704354798e-05,0.00042348393645162214,0.0001787118887569783,normal
2372.6968366370716,2362.886924103125,0.0,0.00038653054646963295,144.86839714314357,0.0,155.67480687211335,694.074760777096,543.4596954977488,1.008435125052794,0.0,0.0004518550068348247,1.005506747068458,attack
42205.916101406125,40370.247136195816,12.717901081101662,2.9312732161264043,10412.22415238912,0.9771996730267171,64.60126553093284,722.0599544178853,3693.7702250793695,0.9928167595600548,0.0,0.00018313128491115674,0.9957385748669089,attack
716.1507749843938,499.33522915280906,0.00014053525892948339,192.06343016626272,71.41754753729415,0.0004214770432524445,197.00248344446553,374.9074737670766,347.38441895568803,0.7045263252667574,0.0,0.0001366023191297125,1.034886536926427,normal
710.6462671965005,511.5313216537056,24.910365404556895,194.70583647549196,6.093200059265828,0.14797174199272373,166.6408833681193,435.5223104374117,275.71233900578034,0.06030440991964099,0.0,0.0,0.0,normal
708.9932086578908,461.324221827187,2.8135823658495403e-05,201.47749726633057,73.14649059569007,0.0,193.66144882915114,392.661157331388,329.18797072474257,0.7444521800284811,0.0,0.0,0.9504898463462612,normal
758.0385929199693,512.2823553306745,25.886464813877982,204.84414280382617,5.769299035347708,0.14953316899409624,172.6193625798534,459.93233830165144,286.4280162593953,0.061488589746487625,0.0003979813162550698,0.0,0.0,normal
688.2489886288404,467.05877995737774,0.0004214847966381295,201.34939239646863,77.05885797413467,0.00012932347390534754,181.30797267374018,396.8398206511342,332.98237514441746,0.7452911175733152,6.395419411566037e-05,0.0,1.0490745702318285,normal
8.786115550390024,0.0003527392426020344,9.000555391017961,0.0003012407985748665,1.013833088011543,0.00015214461544128726,323.9857458249041,505.239126175649,5.943127022419776,0.009546873894547486,0.0,0.0,0.0,normal
9.092698345624262,0.0,9.406501182483273,0.0003533741933850783,1.0163621018933866,0.0,323.9565440658262,511.0368792996698,6.06773343828793,0.010072993799331959,0.0,0.00047869518934454445,0.0,normal
41116.06200965834,40519.111416344764,12.946004408117984,2.974894351172547,10007.349889925283,0.9591287024420254,65.70802553255683,752.3020468042444,3812.450518586164,1.0310858806163181,0.0003110384980784796,7.315517969893146e-05,0.97495476211458,attack
40736.399096684894,42182.1341668414,13.307759040372442,2.969400819739279,9737.45386128217,0.957923962943329,66.94919246304322,733.2630481243139,3841.868685065412,1.0313244334239662,0.00023576293269483365,0.0,1.042771002750155,attack
2427.59779311111,2407.0406462129085,0.0,0.0002632959642853054,156.8594149346547,0.0003830343579864055,165.75518748210277,739.1667999540581,523.4821788398683,1.0060856078731262,0.00042484875235221197,0.00025447565486853813,0.9920531973714117,attack
767.6735829932977,513.9342164611251,25.325284494919128,193.83966316954448,6.171925352618466,0.14479811187586353,180.21117015603315,436.83124703572975,281.835566329178,0.0572029510157772,0.00030020292783071044,0.0,0.0,normal
9.35118153506127,0.0,9.144116636573468,0.0,1.0095840541596335,0.00025352272444886917,334.47437492999126,506.5922564169595,5.985646246548393,0.010172611411966473,0.0,0.0003996186525872038,0.0,normal
15.703036055854206,0.0,14.669401951774434,0.0002833570305527056,1.006927777594413,9.083854890017243e-05,355.00574010507273,913.6632670334748,5.403248823659352,0.01041391990398827,0.0,0.0,4.253356919213136e-05,attack
732.0848668667679,506.57640435904494,25.810138293876534,207.54621505899195,5.939653912855218,0.13933857159247898,175.83767493296253,428.09784658479043,286.43719739347586,0.06341969722913257,0.0,0.0,0.0,normal
9.2726549890027,0.0,8.778816944050543,0.00021481110592154047,1.0148652878328341,0.00015232440459830355,324.4136382611614,529.142718602457,6.169761734553411,0.009352614102712629,0.0003058624329948223,0.0,0.0003445312318262418,normal
42289.86701770603,43225.59811903833,13.133234799686981,2.9692724664965553,9662.984228038817,0.9344908352749638,62.19037586322398,706.37520738168,3811.3159391076088,0.9969944557342663,0.0,5.181229475377969e-05,0.9625423611659616,attack
2525.472315865805,2462.816256383448,0.00030159656519877776,6.691309042617131e-05,147.20611446620603,0.0,155.66088276992045,736.953557985924,563.8159673214549,0.9742409901524991,0.0,0.0004939746911994407,0.9674796958309712,attack
662.2259850803473,505.12701279646524,0.00044513375109900196,192.5642103211868,70.67840086834346,7.4546551439448606e-06,183.27139021497067,387.0846998924747,325.4148247199786,0.7343452498040804,0.0,1.8270970705057675e-05,0.9916965917062236,normal
9.005226230710985,0.0,8.700794459822244,0.00020528784786141258,1.0432041847133318,0.0004218929722326191,347.2917580463609,532.9915756560869,6.0605834214704695,0.009573356639836285,0.0,0.0,8.696622962317588e-05,normal
9.242629864895878,2.0624388222391515e-05,8.88929016331413,0.0,1.0053338215393584,0.0,352.7595247885581,497.338821780276,5.943278648857981,0.010311944676528243,0.0,0.0,0.00038770230435119596,normal
771.3823260368274,540.2014799189255,26.19813108093456,207.67803375921255,5.861888065903988,0.13574266091481949,175.2226910157027,427.4076670471497,281.14030460575543,0.058356037928145664,0.0,0.00023756453619705215,0.0,normal
42219.171977861086,42744.83215667962,13.304941150943039,2.8582470984377037,9861.055825037125,0.9957751436724853,67.14231833776299,735.8019532781398,3559.849804936388,1.003936560331273,0.0,0.0003031992886457534,0.9883472385100075,attack
8.645021518956788,0.0,8.699849871387165,0.0003996164663326435,0.9863193001012728,0.0,354.82578087316233,504.3668212395748,6.027519671697768,0.009073865524347597,0.0,0.00031826327643612085,0.0002448368164894217,normal
752.5951954153336,527.3186531849941,25.15938516803267,203.8159026287224,6.144991996714474,0.1463557443481174,166.3431526566335,465.95608570906774,280.16551921533386,0.05959083397547279,0.0,0.00013430249749997098,0.0,normal
659.8596951014512,492.8153969968025,0.0002949157552991223,203.20161125782988,74.3957669292525,0.0,184.69216693513164,398.2814926008434,342.6252239475063,0.7351752315285636,0.0,0.0001716401228694156,0.9804758999903951,normal
8.826077408987594,0.00048757067632361706,9.081705630466471,0.00017853991281345475,0.9657528993633162,0.0,354.8277837137739,493.04439837810986,6.056745931176951,0.009754258986475296,0.0,0.0003353092316097157,0.0,normal
2408.9529511854644,2362.921413244358,0.0,0.0,143.05514900622694,0.0,154.76592036367538,743.0617025342931,553.4470658295961,1.0456277476349385,0.0,0.00022244252340643838,0.9574399853009545,attack
15.536943551356972,0.0,14.977760537681974,0.0,0.978611689243474,0.00032380434798214176,336.4459848969185,860.0222079866563,5.624461306953989,0.010978448355364894,0.00031401466131234944,0.00029051742584536923,0.0,attack
8.881633727261484,0.0,8.60192332946608,0.000330845394276558,0.9595561726566559,0.0,326.9627064005955,504.30316984002616,5.696704459840852,0.009488992456340366,0.00022166023746753263,0.0,0.00012084081376984622,normal
675.7806987746108,476.77635625481787,0.0,208.74787847949875,74.09486533119032,0.0002382950865181166,190.7922453689192,369.51609543985745,333.49081721212553,0.7174874834345674,0.00020611958616308172,0.0,1.0398056507219484,normal
677.8203332795666,481.86903448648735,0.0,192.3328203502386,74.81177417499536,0.0,183.82795767048452,390.81065251609766,324.5157548198067,0.7611038684282538,2.666442650804665e-05,0.0,0.954636817004099,normal
14.376121650333129,0.0,14.689877260537562,0.0,0.988106826426357,0.00016036714500345745,344.74691721724906,903.9159966432378,5.5555640129591035,0.010486867513614913,0.00028457056556992834,0.0,0.00034097344123839066,attack
713.3523458705586,530.1100738556573,25.041093932496373,207.40988595763943,6.239748839674135,0.1445510547188948,179.69770774109458,423.67666689768544,299.2438657044557,0.056594721310560335,0.00021615453129775143,0.0,0.0,normal
2365.918751266415,2455.121287437223,0.0002935920532733487,0.0,152.30793444816857,0.0,162.08004146763372,731.5140691018005,564.5963865986258,0.9598820563320274,0.00027563902765021393,0.0,0.9780367322707192,attack
2424.77266752854,2542.7369886689444,0.0001998227114057613,0.0003106179367735644,148.41390505461462,5.450885095201807e-05,151.96196664483216,738.4020239828353,553.5844938933484,0.9570908034331586,0.0,0.00021051117501010865,0.9659240247698969,attack
8.875190085127034,0.00013463133438568558,8.780324933405423,0.0004719266136100948,1.0130754642731319,0.0002874102457959431,330.7436947904764,495.9946043421965,5.799656966836457,0.009602041792823417,0.0,0.00025089138666577237,0.00018416233825605476,normal
2538.339415897245,2415.841128689764,0.00044978278241768796,7.391247510302166e-05,148.9066600884891,0.00031744809037148077,156.08135849092648,740.1017977599529,554.9662629259102,0.9969172209579865,0.0,0.0,1.028980954086427,attack
756.9777992276098,540.6407304613069,25.80906931927914,194.6148435306856,6.028351957816676,0.1445157052610462,171.07862190161566,456.56860282188427,298.25239395305346,0.05728219775700375,0.00011671626444240344,0.00013716181084455438,0.0,normal
8.81310107049983,0.0,9.414580700049974,0.00020412565539147944,1.0332838132713744,0.0001226989039967432,330.43013884002545,486.9092881522663,5.872833606893976,0.009807114602956439,0.00038051147526568476,0.00022401332158729012,0.0,normal
665.3914232820149,480.36888081687937,0.0004945169938270118,194.97585820539663,70.96485478861565,0.00042013260613953037,182.95725435903225,397.7253603380888,336.9231311100832,0.7694529614886273,0.0,0.0002717590713076479,0.9639195341768205,normal
755.6533488447355,495.29388189733044,23.77102905704039,209.5972811524465,5.772673466504503,0.14526483532212006,169.15745298344126,465.9857720494124,291.15884889738834,0.05821078418732395,0.0,0.0003774367211968413,0.0,normal
42536.45552482692,43318.383968068454,12.443965555433564,2.9821523555918037,10433.787845702109,0.9580811761391395,67.24315005032499,715.3202256163024,3818.010509637915,1.0250018219780301,0.0,0.00030198510155454814,0.9815785468106392,attack
689.3676378261368,465.95521561237956,0.00013467031095258016,204.83011484385383,75.90828741430826,0.0,195.73370866109082,376.02246681961714,334.78349856512983,0.7616439485869959,0.0,0.0003958321316798989,0.9537816338142646,normal
39948.628946923855,41428.169379971194,12.37382068633768,3.0263036324122377,9886.902858562707,0.9504003764314428,63.242672218916745,745.9582356494465,3748.4094745679386,1.0164395018921666,0.0,0.0004971165469831345,1.0216761079212946,attack
43651.46160766498,42634.26862226726,12.654279179722757,3.107530441778983,10177.269816300117,0.9374769402373677,62.508761586536885,738.824879387226,3553.4630110505527,0.97733674493975,0.00015543215143227666,0.0,1.0294650095755251,attack
702.578665744576,464.3264410735313,0.00036681328515587614,204.63123268498674,76.49401283072437,0.0,195.87648503887843,378.782997067186,320.35843111820174,0.7195608594974521,0.0,0.0,1.0343869610992846,normal
666.5576887374795,500.8096727205474,0.00010614593665768134,190.57493919910996,77.37027608199418,0.00015280688225804528,196.12955725484827,386.82570474311217,333.30166499909626,0.7031295391049956,0.0,0.0002862707443850991,0.9876605000031189,normal
696.666411334286,468.6362737639843,0.0,194.04593796517045,75.69388308737952,0.0,196.19451625742877,404.3181455078087,326.08861948880656,0.7537091115567001,7.189685811190581e-05,0.00023130128204913573,0.9716679127794309,normal
40902.379958565754,42610.001406246396,13.40048021800278,3.018189599703141,10105.200638311799,0.9119594363527465,62.26699808269459,715.220350999741,3868.8602848939054,0.9580870758121981,1.0533166369633418e-07,0.0001979098747992121,1.030961718665707,attack
2482.887729746973,2372.833818364034,0.0,0.0,152.2353021846624,0.0,152.09767499984352,753.2637511495864,543.2989098578528,0.9707564507854947,0.0004281418522117464,0.00043099526579647027,0.9882732916927537,attack
41595.29369223203,41353.79479490356,12.634064279011154,3.096917242563976,10241.869712297123,0.9366574802171683,63.67216136372909,730.5311761989117,3613.064531793924,0.9980079416087375,0.0,0.0,0.9786901667936434,attack
780.5607348057979,510.2831430927708,24.107805447911257,197.60583196962637,6.102388922027461,0.14063128675877717,175.5207460306093,438.98187404282055,283.8785043489866,0.057210074920500606,0.0004867675686122733,0.0,0.0,normal
15.747204783439459,0.0,15.35323684297895,0.0,1.0185596002752242,0.0,355.9471801894683,927.8311901526923,5.922788942566902,0.010055976967241217,0.0,0.00042835782053796335,0.0,attack
14.91167548989306,0.0,14.580394490319192,0.00046290122120006146,1.0336552267896681,0.0004200874250554527,351.8498540333294,855.8490252343597,5.579641409117241,0.009891719409972743,0.00045931520121452656,0.0,0.00039617953439941136,attack
747.1031798693494,526.4448865370524,23.83796297886315,208.6621605136335,5.774461445227734,0.1378632811781333,171.6486372911861,463.73391990659195,280.3916566130751,0.06308930784055007,0.0,0.00020489578539357192,0.0,normal
8.66503316846682,0.0,9.278776387021962,0.0,1.0025509480172328,0.0001308661260393909,349.28046852544514,516.4311099293255,5.882812310440857,0.010988546442195811,0.0,0.00015046015693921777,0.0002568695805120683,normal
2386.913302540119,2359.1245093406633,0.0003584669713118831,0.0004679212902301733,143.58392675005624,0.0,166.71306970008652,728.9856166726088,547.3423836407303,0.9731642110031749,0.000398931783344154,0.00018038526972053757,0.9644419566205025,attack
775.1277327479072,523.587652034279,25.8938170619668,205.82462916193484,5.961571855781317,0.1366985557890391,167.7626547700797,435.33795586470853,282.41557651050545,0.061254242794119514,0.0004996443541427918,0.0,0.00036324381146102106,normal
42032.23454081954,40556.754069305745,12.920479879576417,3.1137836629381215,10401.693840931164,0.9104743658076383,67.66994660317901,715.3583629886245,3668.259583633485,0.9742317164584721,0.0,0.0,1.0008915580966617,attack
9.140033721245775,0.0,9.316326242479672,0.00020535208017126037,1.0379328121504718,0.0,341.4798009040098,522.2594857948337,5.934079517110066,0.010486612617425057,0.0002581376539970841,0.0001910232885416338,0.0,normal
39904.88856256886,41859.100625661726,13.449871096758566,2.9696735541771653,10205.197013210145,0.9548929715423276,67.26889553442372,754.6869434273667,3672.8249802402947,1.0027933647387106,0.0,0.0,1.046941126360284,attack
2344.7123092071647,2328.2694509860507,0.0,0.0,145.83353067533554,0.0004229845757600953,154.26102480308492,728.1558683683534,535.0003779379795,0.9760477934538438,0.0,0.0,0.9598262445085612,attack
8.66324306170527,0.00020529373137968625,9.404553296173258,0.0,0.9564783680444323,0.0,324.254340474691,499.41432053217113,5.731183932096423,0.010341615617001908,0.0,0.0,0.00043634445820063804,normal
9.124354638532877,3.315300764527837e-05,9.447411133398669,0.0,0.9997044014134316,0.00016284287601438797,330.7022444284392,534.7018895008774,5.905461378535874,0.010504508017188368,0.0,0.0004518519091209787,0.0,normal
670.2017389722203,484.03288184113353,0.0004519023660279646,208.74115573253144,76.32278921610593,0.0,184.12441890466144,399.45618476591767,343.77022658488227,0.766599453651813,0.0,0.0002093776795133029,0.9797328261315864,normal
15.595082508375153,0.0,14.328735125924535,0.0,0.9771205305184337,0.0,331.49449189686754,884.137495405891,5.603588550869101,0.009841486005632205,0.00014054715233186883,0.00042045707858929344,0.0,attack
15.073380472108415,0.0,14.272425739580141,0.00030106874586824736,0.9642394808773059,0.0,329.76813255041435,898.058945387733,5.665789142964843,0.009013863993721017,0.0,0.00027790477480540103,0.00019965438097960795,attack
43940.27181988182,41648.7444575731,12.932744899404971,2.9104922624841554,9583.099308088356,0.9118210586005817,63.26361189016084,741.7750886059918,3889.7716661486106,0.9736707708039992,0.0003170047861613054,0.0,0.9900516378306118,attack
14.257139158938497,0.0,14.98093759373059,0.0,1.010133442062686,0.00025556397901721527,349.744185128167,919.373168803241,5.5334791425502186,0.009570587365920345,0.0,0.0,0.0,attack
15.182435461105465,0.0,15.486095580352362,0.0,1.0158116824315706,0.0,347.1283100495988,884.2660458168583,5.405335806877616,0.009600616084974686,1.1103191653386371e-05,0.0,0.0,attack
8.96760611446948,0.0,9.242715310074512,0.0003398143144019325,1.0130559528801117,0.0001752331811043463,333.02120653035865,506.8238680469395,5.835980784147141,0.010199697618430264,0.00032697341667536363,0.0,0.00043824990780591766,normal
8.701451181890107,5.064497964739033e-05,9.158805484941585,0.00040139660590186047,0.9749686359077838,0.0003727538268679941,342.7476738589077,519.9296311011657,6.1183506801674135,0.00919841741568125,0.00021809970512115195,0.00017251755628256053,0.00014221709207019347,normal
43270.9572032843,41730.28516605906,13.106178204381377,2.86735689871998,9901.922856176025,0.9839873688491059,62.0411915404721,733.4762495960914,3589.0499151824556,0.9812684483448411,0.00029881128291302266,0.00021937044646223454,0.9987615119042206,attack
8.970908976528268,0.00016951776073654445,9.04968935644129,7.678182007950639e-05,0.9502762865123291,0.0003700514962873713,329.0795750069504,532.7483973284585,6.144663937290454,0.009744249041708725,0.0,0.00039586343201105046,0.0,normal
713.0864966373251,477.955276299843,1.0082917049000564e-05,208.0175556869761,72.85484512199186,0.0,187.33992852894033,377.5731551896761,321.4904268413226,0.7485259210998786,0.0,0.0,0.9659309498636299,normal
714.2770579712609,496.3828053969231,24.727315755547174,211.30494923338284,6.070585556283677,0.14391558787028008,178.2898550516776,462.1076996305932,303.4470614446468,0.06119143261956171,0.0002574711307031716,0.0,0.00015193834397908223,normal
9.286651720391879,0.00019006443189266032,8.594920127204954,0.0,1.0217715924176227,0.00046596165160886705,352.36672969357517,525.1277914462373,5.983297962378795,0.009331704235896555,0.0003727339852955862,0.0,0.0,normal
40547.08856394765,39809.049575232755,13.573896289365505,2.9745674509066555,9582.413846750835,0.9413470651364341,62.38312109973753,696.8597465630426,3824.385987038392,1.0317932884933034,0.00025739791605674687,0.0,0.9583678245595194,attack
671.347448789639,477.43551207108885,0.0004123965861824562,208.91011709806463,70.48094033533806,0.0,196.50278240752462,396.10077949951426,331.3348751632779,0.7071703983251232,0.0002129033906763611,0.000469238494963216,1.0124836286761625,normal
699.7015145223161,474.5247826973734,0.0004777774990529964,209.72176024042773,73.5929294982451,0.00022944138845164595,193.64680308293956,401.26647636251806,341.87146443307773,0.7662205909490064,0.0,0.0004518709829957694,1.0366173905688219,normal
41187.10040415109,39880.70435807751,12.875623566224414,2.928443911166543,10333.266658313321,0.9688895556881817,63.2412352365031,701.0800275955448,3688.422597539468,0.9863941055083406,0.0,0.0,1.0184437336509709,attack
43413.94485626264,40268.57938241786,12.471764881917963,2.877558587260077,10307.936073191426,0.9736416472224363,62.22183791377918,697.3152622877565,3870.856402881315,1.0103717541324986,0.0004026766353361035,2.244600105318885e-05,1.0112664008018664,attack
2531.3187519492235,2478.7852636029957,0.0,0.0,143.5526751670456,0.0,152.39458906587953,747.1328613866215,544.4614453598015,0.9565760261652381,0.0,0.00010240109160198206,0.9781664441503873,attack
2389.83873954188,2398.810005364276,0.00015502180613295475,0.0,145.57099880315658,0.0001445689598861058,155.6216723248546,697.8311940635324,562.7081387105709,1.0016393935533159,0.000468334876221103,0.0,0.9948324507446608,attack
41359.16703326007,42838.71005487649,12.490122291314817,2.929724409986647,9569.686558039146,0.9388559571422137,61.531654542161895,717.1571159276808,3717.1081647480646,1.002113980064564,0.0002108512370706969,0.0,0.9610037493280359,attack
14.82029690658848,0.0004886728551195733,14.556009536010349,0.00035836016646459136,1.0433857940737152,0.0004910464983713665,353.18527483278154,925.3923694200673,5.615838340231397,0.010078064473164906,0.0,0.00021383551800729984,0.000223049157436869,attack
758.8928138225966,533.4978648460684,25.736679038990104,206.1252404781129,5.911739032134283,0.1499071554688265,171.7937871639137,463.1053182643899,289.5351822727903,0.06172871675414118,0.00011560234807644413,0.0,0.0001524126417651564,normal
672.6938309461133,499.39971434630485,0.0,200.67336729838902,74.49995194740447,0.0,197.9129697918287,371.98730939852845,330.30177632340485,0.7295554054624398,0.0,0.0,0.9861913643514236,normal
783.2303944609678,499.41067690037676,24.541441141362174,193.2518307896184,5.838754444152889,0.14481836832124667,170.37380800035967,460.31749248699003,286.63855059897753,0.06128157619222794,0.00045248853702967455,0.0,0.00030534472936576904,normal
660.2447050196567,470.56685999601183,0.0,196.3312191520416,70.58207532722396,0.00020427755330298502,187.97397407841245,375.51802171761716,347.19405727507603,0.751681557965928,0.0,0.0,0.991616724033667,normal
8.86302836503318,0.0,9.061557276559965,0.000492031008807519,0.9679071179152661,0.0004953145927144968,349.5318055677214,528.8779328808948,5.81610703842987,0.010094369731882148,0.00012827465697408266,5.3356993326062614e-05,0.00019862901467212967,normal
9.048688001618999,0.0004943497536729481,8.774696181771292,0.0004119206497630498,1.0394256649852296,0.0,329.8335130712602,536.0146249814325,5.815796842830961,0.009010625611796504,0.00016019234023801842,0.0,0.0,normal
686.6506756390626,476.7110490363313,0.0,200.79166388442252,76.06015700759288,0.0,192.9297234441036,388.17565691372846,326.56432507769904,0.711407619869738,0.0,0.0,0.9505837923873713,normal
2469.4399216858756,2556.0207710991685,0.00025995446324188253,0.0003945898856770658,146.99433738694376,7.346308678939193e-05,152.63053770965334,750.9325851175179,533.8419254510883,1.0270632402201798,0.0003767710274868859,0.0,1.0487293400763196,attack
9.341507738305573,0.0,9.282846580645353,0.0,0.9751827372510989,0.0,350.5171207411329,490.77551543087304,5.944714964596867,0.010312105057171084,0.00015372283114517744,0.0,0.0,normal
2545.124221913366,2344.73435280978,0.0,0.0,156.7761376910807,0.0,166.64627888510367,688.3471693182353,546.7666411967876,1.0326770891903791,0.0001956532714461716,0.0,0.9862505557104159,attack
2351.1722570308098,2400.6589817843465,0.0,0.0,146.35016182869586,0.0,167.10979401243563,691.8413775069052,554.6799574141507,0.9855632956758149,0.0,0.00048413383521382885,0.9553803973454219,attack
42979.63499522761,42706.07174336207,13.414807354775151,3.002925024783807,10425.59965104857,0.9965117993291868,61.38552830245696,749.9758467298509,3654.4209477218096,0.9955629890638609,0.0,0.0,0.9861489127680992,attack
42310.56005404251,41062.07694968191,13.110584200740744,3.0678109338441186,9998.907568543777,0.9361085560550131,66.6254552480413,742.8550612506173,3631.7519997725444,1.0197800067546279,0.0003051094106807692,0.00024508862808218513,0.9511769589586067,attack
42239.75880609627,41900.16954082988,12.797312313943854,2.872855124545425,10382.035360073967,0.9591521227145287,62.82981220120504,723.6932100043315,3775.187830538883,1.0295090326067087,0.0,0.0,1.0383911664012755,attack
680.2912861012614,504.1274839104842,0.0,199.4309141021881,74.96674542711118,0.00016769940484176308,190.59549098222845,406.6535237626556,343.752460783966,0.7094737234431766,0.00040682840114939097,0.0,1.009791112097382,normal
726.2184364138154,500.8878133692639,25.69383839817718,211.31099544108937,5.99610891719263,0.1505182014273294,167.1312337805331,426.3559227368768,281.2686801504088,0.06298345988520908,0.00035364251130503205,0.0004192564530062487,5.1818939593095695e-06,normal
739.6336299727778,504.69386161218216,23.949645240301734,202.62077994358984,5.976626683497046,0.14045328031128138,166.19774990142392,442.55992411171894,292.4214674689458,0.06007215552981667,0.0,4.1162977260625135e-05,0.00046144747598596795,normal
742.5010042923477,513.2281416343396,24.311234517102438,208.87336514958494,5.722876545695623,0.14997417326564963,167.05019070005716,439.8269305533717,289.7234751823184,0.058946855980490744,0.0003390489154104991,0.0,0.00028560369195042485,normal
685.4793773080833,472.6812315009753,0.0,199.26587415370014,70.62622436757867,0.0,191.152444980201,377.5752228499257,338.05018867396035,0.7070551368091009,0.0001574398225138998,0.0,1.0267980110346346,normal
15.625560671254956,0.0,15.450608266406816,0.0,1.0276660467384546,0.00018870864545554394,324.75624764031056,873.7098352912021,5.670480097591656,0.00956489965629309,0.0,0.0,0.0,attack
762.6219924403538,512.7217208534304,25.02594670586646,212.01826687860768,6.285083536847644,0.13691372075396024,169.27910872233974,424.50871623962524,300.58933441922625,0.05757596115559349,0.0,0.0,0.0004088291978994671,normal
2539.262541238097,2438.902825324872,0.00025449488672828256,0.00022378451943095082,151.97562096135664,0.0,163.50899602641968,731.1724487668506,559.6313679251228,0.9724004640248382,0.0,0.0,1.0407766080139127,attack
661.197519934389,505.50762074659093,0.0003899295777502816,195.56415628597478,71.79953737315533,6.455742878578564e-05,183.55434463486486,386.17494427365796,328.1600606369687,0.7430273966786395,0.0003475517285834577,0.0001642211907732821,0.9615292568519092,normal
2356.8210255379163,2475.942766191931,0.0,0.0003459868854347148,143.61238208110038,0.0,160.537679930581,698.1106992060297,560.8920177409907,1.0166556169815695,0.0,0.00025687128246133464,1.0412471637855671,attack
14.994261965452761,0.0,15.623038460981617,0.0002524979134478392,1.0371154643536464,7.322643887955193e-05,329.70479137787464,928.4747638283199,5.475778256323986,0.010651393459513952,7.837597312815935e-05,0.0,0.0,attack
2462.324518038559,2352.418900853641,0.0,0.0,146.08716893002972,0.0,166.3962329320149,735.0271607526346,531.3535730788684,0.9831206751676108,0.0,0.0,0.9859232775749163,attack
15.45372857787375,0.0003660163419695245,14.939204847391489,0.0,1.041883188567006,0.0,332.1429601577814,920.0818880300008,5.662028150762029,0.01020560932278243,0.0,0.00027296005490079934,0.0,attack
9.407158998533193,0.0,9.35045243315716,0.00038425151169104983,0.951973475653251,0.00019195567775172744,354.3025783785236,506.1170405662469,5.983512298637808,0.009799327504972756,0.00046972450984720805,0.0,0.00028669971363666654,normal
9.184763182295297,0.0001276772681998116,8.615848697060802,2.1275931629772678e-05,1.0504067829493895,0.00027310523417590815,343.3431921446693,510.34492601444686,6.055404327219877,0.010024745073770484,0.0,0.0002502286129643999,0.000307286559787585,normal
2515.7574106386023,2354.204511575953,0.0,0.0,157.41343018380914,0.0,158.21535992348353,707.7373439810262,549.8488735795912,1.0129065816599356,0.0,0.0,1.0060646628757228,attack
2466.6350619976056,2469.624210823701,0.0001616051476990113,0.00013397363267401513,145.17112138278662,0.0,154.5834581795311,698.9858527729823,546.6455286412981,0.9590650374304805,0.0,0.00023881058232524718,1.0412627118977698,attack
40817.606223181305,41605.453479951546,12.69930122837556,2.89941001188921,9933.656270177422,0.9501739618121058,66.48626347112268,729.6004097133149,3768.373430884823,1.0347903051796357,0.00042852740745448926,0.0,1.0192090916917402,attack
8.678154451715129,3.451420037172824e-05,8.82258874307578,0.00039990664632602634,0.994589360321784,0.00010328399890329506,333.65448942880323,516.9691151025282,5.903911817992852,0.009146841015982368,0.0,0.0,0.0,normal
665.7005497897565,497.1164542182493,0.00037630315303068527,202.88517365493027,71.29250220545417,0.0,192.2221924376388,394.00412206485913,334.5326234188296,0.7639897105910477,0.00016865202851322966,1.3390111795186233e-07,1.0207978742968327,normal
8.996748657442007,5.564593034122614e-05,8.753687338670181,0.0,1.033643811493756,0.0,331.1297959019219,526.8381960103642,5.695617111349042,0.009277440108425112,0.0,0.0,3.5061257541438156e-05,normal
2364.384716750576,2453.745313146876,2.4235464696367934e-05,0.0,151.1847731312789,0.000415391651579721,159.20060253281164,704.031962539062,554.5134779649338,1.0178637083921274,0.00032965467493116784,0.00032010540599937924,1.0169095344020864,attack
39977.990347789,43106.78653757825,12.373914540311025,3.068949595190388,9817.153477092932,0.9656916637538205,66.53858534875779,720.3431434964962,3868.765311411305,1.0232768177227751,0.0,0.0,0.9623794156897488,attack
14.459118413905385,0.0,15.115633939808102,0.0,1.0432749646237305,0.0,349.5408956809977,903.2813050099824,5.802510677599744,0.009042866940231358,0.0,5.250104748730201e-05,0.0,attack
15.310196549632106,9.346738540949106e-05,15.562742746469658,0.00016998989756378813,0.9628176677649452,0.0,340.9669429225356,872.2073894721805,5.844958458713418,0.00951921069124169,0.0,0.0,0.0,attack
9.266970765524892,0.0,8.57411787660929,0.0004891806450703334,0.9846692750721886,2.0286789162503803e-05,324.27696490902224,509.1000981451016,6.273049154526014,0.009291701384811963,0.0,0.00028671709028185125,0.0,normal
40206.780150750965,40941.52295981087,13.437436421336589,3.0205079597569684,9954.596059261572,0.9814874733207303,67.75497685345275,726.646339582059,3645.4671941208862,1.0267677956853867,0.0,1.9184493902031572e-05,0.963790171573683,attack
8.85141324313182,0.00041410788233247345,8.755042050915966,0.0,1.0153840626041897,0.00025445430502685787,338.53468067037846,493.23356159050417,5.8918391904317575,0.010396508939573822,0.0,0.0,0.0,normal
2529.3283669264315,2506.6136750327078,0.00031547889139719526,0.0,147.49410484882608,0.0,154.1677399576815,706.707820355269,543.2913593048027,1.0103022811069626,0.0,0.00031096367023300043,0.9867184529835208,attack
2320.7851614032093,2350.6678620918797,0.0002789845455440496,0.0,149.26379644202595,0.0,153.0871257264477,684.3234471804806,528.4854724388406,1.0295635337539244,0.00021514399722752655,0.0,1.019867355325043,attack
14.843941154376449,1.757696825730473e-05,15.352900993966704,0.0,1.0285352207770921,0.00025709870628314686,324.40013656439334,892.1266441006169,5.544425905772504,0.009455597034230146,0.0,0.0,0.00025254202150010635,attack
664.4037973983513,498.37040888295166,0.0,198.11981695646045,71.88155566571778,8.2717814301604e-05,199.40588724184676,377.29220028000924,350.9129612818585,0.7662900354388131,0.0,0.00012923146531093998,0.9677276506217865,normal
42800.29671765439,40685.15313403134,12.917868642755073,2.9950267774368555,9700.087396404833,0.9270272690550901,67.33076343715537,757.8188857282876,3738.041935489196,1.010745272109347,0.00047778670832961654,0.0003710249268186236,0.9849195666051636,attack
2548.72290691544,2338.5962872961386,0.0002414806190703857,0.00044034199153804857,145.52609007864882,0.000319663990000299,164.911933074758,691.7932828599601,550.0940932745004,0.9663348161970918,0.0,0.0,0.9811762802916699,attack
751.3794474444882,504.4385065632047,25.135219507182175,195.02012717242582,6.182819001173972,0.13918344748978484,178.09869718441726,448.50921058797576,280.21352173058136,0.06075179725349107,0.0,0.0,0.0,normal
15.480429283375708,0.0003429640521522627,15.588477358440247,0.00020880904704305065,0.9880482735687075,0.0,355.56097795161355,886.022620741455,5.505265518520265,0.010287077626492624,0.0,0.0,0.0,attack
9.228439003160245,0.0003193906367322068,9.328453181239286,0.0,1.026501683115735,0.0003558913418395207,326.8961393080626,512.9268623260075,5.958617863062554,0.009677372839923499,5.884159235322192e-05,2.1517961964701016e-07,0.0,normal
9.005894644185785,0.0001946268184434559,9.416833519764108,0.0,1.0316156404054628,0.00023062956774154916,354.7453685373418,500.0432981293897,5.887066455451456,0.01089635587699307,0.0004756120684064814,0.00039345900722624546,0.0,normal
8.777781944424298,0.0,8.79047692955363,0.0,0.9975821188355858,0.0001500048153949711,341.5625765405405,506.53952270386634,6.084047246481698,0.010435115454706913,0.0002617840652179991,0.0,0.0,normal
2542.222940211532,2498.1937581429133,0.00027113847489592904,0.0003413952951653959,150.07865553753712,0.00016667925331661699,166.45408900553605,735.0570788633538,543.7266121422485,1.0065319428145232,0.0,0.0,0.99785539404873,attack
40906.1213801844,40973.52949238232,13.018800934960955,2.9263441440229396,9862.241638420126,0.9708702625992273,67.33266002654499,740.3713258387295,3557.735125687338,1.029289783531696,0.0,0.00039288211178182864,0.950911158403236,attack
15.474103445370123,0.00032276874230297557,15.558383282523048,0.00040834283095049815,0.9866434981382165,0.00034210684160126904,344.435516469472,919.6655362186276,5.924548333802004,0.010334563298937264,0.0,0.0,0.0003605227897714286,attack
2453.0279356226324,2376.2109552468037,4.1560125688183265e-05,0.0,147.7936709319421,4.4613717376687094e-05,162.8278909029882,701.4514599704884,564.3865551483179,0.9654369930566085,0.0004259746864077522,9.58032789369373e-05,1.0140972759680786,attack
15.690077556342912,3.606679969642e-05,14.820579155865262,0.00038466787174460743,1.0034256581427419,0.00022298342916787285,331.23348512807263,899.7646684517107,5.822405404335345,0.010056686163660853,0.0,0.0,4.8062760559089214e-05,attack
40033.243729400885,43647.052909245904,12.577243283907286,3.0800720748812367,10214.464310771953,0.9777808304328888,67.64912560068935,747.4435444411206,3714.957574803876,0.9707148633740187,9.698240552080385e-05,0.000225990791865279,0.9675607807171672,attack
2369.0112021393434,2522.7715341026405,0.00029047744128423385,0.0003523251245352477,156.56931986801686,0.0,151.73515342385366,744.9860780355676,553.469093574251,0.9497902078697115,0.0004596012380342644,0.0,1.0430508054608694,attack
2559.021222444608,2526.059728819846,0.0,0.0,147.23824234990911,0.0,155.24931973958846,719.0024548127813,525.5777121931125,1.0230139905972129,0.0003760914689514276,0.00044391930034021003,1.0339611211345763,attack
15.193290103740523,0.0,14.667252231241545,0.00024313869205619927,0.9528296266945601,0.0,355.88257706048256,923.1174690535585,5.551237782756242,0.00964133439443154,0.00032240865145317514,0.00035440969426481824,0.0,attack
2367.814181003765,2343.3529680328124,0.00016198422123042428,0.0,143.46503647170462,0.00015616082258410963,157.30020388585365,736.2772617267655,567.3269504725636,0.982139332566413,0.00039286664018706673,0.0,0.9576822413865341,attack
43391.471849677844,41513.55820973943,13.224413116936832,2.969082777333771,9685.022356908816,0.9873336074995558,64.80648629116834,728.5242187405886,3565.413682795419,1.0018766568915551,0.0003329333898616829,3.267750789454238e-05,0.9650451947819317,attack
15.065084085494526,0.00029326145176907545,15.550029383199895,0.00046141217213863285,0.9517903958528595,0.0,338.6323398795401,918.7258458047019,5.415942972764015,0.009676252562733434,0.0,0.0002121689715004642,6.767594813485336e-05,attack
757.2696119835153,509.3209592926668,24.832541050652924,204.6115345312531,5.98038026472322,0.1503179440250819,169.03639627563308,456.80907219846176,275.52169060070133,0.06047412434396303,0.0003350226192249239,0.0,0.0003963720562763208,normal
669.1038966909639,476.24490468528893,0.00010060465480168812,208.83093159294648,75.58331624172531,0.0,185.4234691193971,382.07751787003923,343.02201901903135,0.709765992340304,0.0004568349515324115,0.0,1.008345742391839,normal
714.6083527737878,537.3686202701062,25.571214924094267,211.3835382274315,5.847469243117561,0.14296111603863354,165.42773036275048,453.469537597395,276.9809815675571,0.05806143102346252,0.0,0.0,0.00026676588767832356,normal
771.3658637750605,496.1881094104271,26.084156266174976,207.44730824752534,5.960161282698327,0.1406807859807291,170.95843669072272,437.4231796166363,281.3945280753961,0.05999734509681391,0.0,0.0,0.0002891047849484667,normal
2539.5805784809418,2397.5774957266804,0.0,0.0,146.88541084430133,0.00021039974795176623,166.7241404874307,700.4370558229821,530.2904536758764,0.9581863167048728,0.00019967762197547687,4.815779777971874e-05,1.0467868563181049,attack
40013.85881768197,42490.34112196248,12.658470519926977,2.976529226312573,9664.035158431165,0.9927749057590465,62.329623823692856,754.2840858962473,3827.451623429474,1.048218534197079,0.0,0.0,0.9500117903642826,attack
711.5542033717915,465.89568181603704,0.0,208.3558704588904,77.01254526567361,0.0,185.73584781141494,405.8096688899294,335.34637426720025,0.7062594890965775,0.0,0.0,0.9583518013551721,normal
41362.68041123867,42861.221869542234,12.542330151851676,3.0118075264568422,9794.663598293926,0.9484338941842562,65.72525847634262,722.7909313272088,3826.0396439883025,0.9885480838285731,0.0,0.0003990466870815272,1.0325368870451812,attack
9.177022831089806,0.0,8.73266349258008,8.279581661391998e-05,0.9967076897831387,0.0004520707489692373,344.23072740504716,490.49459019096014,5.855547545141756,0.009904216053182667,0.00015133623251115393,1.0071980260066838e-05,0.00022357866792559495,normal
41984.26588281063,43909.3617712926,13.645291103236767,2.9638141277082717,9858.176043761641,0.9265875507612678,66.185160413987,726.1168136775946,3775.6108411718305,0.9731623078795462,1.2260049886802378e-05,0.0,1.0346497295750008,attack
41947.95764142483,39792.44632116738,12.8168570708751,3.1222591046059396,10344.635427784426,0.9142636310059855,64.5504225547814,712.4741689626048,3874.5795206069133,0.988822505911967,0.0003557400324635224,0.0002178903735797491,0.975759013166894,attack
680.4575975793164,474.35767223136656,0.00018203562501286532,209.00583717681576,73.11342165674638,0.00016433527605547255,181.57294470639866,384.74226215074185,329.2562702541195,0.7562815818132314,0.00021768424088996693,0.0003727077827438305,0.9956047812840805,normal
9.406104213218411,0.0,9.031273087918153,0.0002875595373166308,0.9794485106602819,4.645297395932189e-05,343.18736582055124,504.9804314939659,5.9725937034277425,0.009653643585144069,0.0,0.0,0.00019094293145878363,normal
8.80414635680978,0.0001204367635044501,8.722585517251469,0.0,0.983332563274386,0.0,346.0784236702233,496.1853995273531,6.238824407369561,0.009901961441523737,0.0,0.0,0.0,normal
14.749428252201398,0.00024012089173856276,14.471916451574263,0.0,0.9598442197219171,0.0,350.0820309607638,899.923272337862,5.405374861268482,0.010629096890323715,0.0,0.00024833058929858503,0.0,attack
15.605114397554964,0.00023449660450065607,14.374511067285836,0.0,1.0370590954862131,0.0,331.08836907762753,909.7028788436573,5.390358183168145,0.00932989645004898,0.0,0.0,0.0003260508372033347,attack
9.024861478798272,0.0,9.276971272575143,1.918101300339162e-05,1.0121788824365976,7.51832971504586e-06,334.91874363616296,525.5309464901756,6.148702794645303,0.010015755699119392,8.3061954303119e-05,8.177451316239023e-05,0.0,normal
9.183570714190134,0.00029701450291705014,8.558568374845136,0.0,1.0482920450955426,0.0,337.16251644699815,523.6367296786492,6.048425885558851,0.00957734034372294,0.0,0.0,0.00010503999480364623,normal
734.1028516849046,531.333387382942,26.233733871444947,202.68576180408368,5.742785132313492,0.13764793537414582,167.04652251541884,454.47660067659285,284.6590660502518,0.06177752818765627,0.0,0.00020475540465566796,0.0,normal
2478.873896362026,2493.9270773113535,0.0002782321262938152,0.0004830055643004902,151.13936382163826,0.0,160.28405570116314,688.96474061732,561.8554904314543,1.0182972551214415,0.0,0.0003029564009912965,0.9634276600548763,attack
9.223948485805401,0.0,9.107012815608602,0.00011184589398622303,0.9674474691331946,0.00015783774312507924,341.44120301631006,531.5987059033387,5.880936629517132,0.010181884084132781,0.000311276324602595,0.0,0.0,normal
41847.845563814226,43907.85670863982,12.790556703982466,2.9956623370843722,9694.245029125363,0.9186258325654411,65.33616606312191,756.4967460678599,3779.91581329151,1.0485103141117924,0.0,0.0,1.0295837804588497,attack
2423.29213581466,2378.1205273257215,0.00016926470453768703,0.00012745920722086968,155.6444843779217,0.0,158.19557318698546,700.6295640976414,541.5314436872393,1.022464220055319,0.0,0.0,1.0063437200565082,attack
2357.5158887346506,2426.555244545832,0.0002925842159680203,0.00025036646948384326,143.83227011451183,5.738605567144894e-06,151.95032991958848,734.6669237866425,517.9841049170112,0.9738070438550002,0.0001555056751369835,0.0001149123093639489,1.0353173569167349,attack
42254.025864611096,41066.25053929421,13.069720492089147,3.1395503358778223,9775.494635425734,0.9502028314125287,67.07770695732589,718.1200770463414,3769.621695564627,1.0220504011686424,0.0003257824521549423,0.00025684936329291547,0.9520788726967119,attack
2413.0549429366934,2350.095473965629,0.0,0.0,154.44588123146403,0.0,159.48896850522434,685.0125693616594,568.4061337130662,1.0237222999342708,0.00018480835494389045,0.00035850733739530976,0.9715925040739479,attack
42760.62269330534,42991.75635326451,13.428349305234834,2.927260147615373,9722.099948948724,0.9558055995218951,65.0296360138642,715.4975290043354,3726.17901532377,0.9977659935818379,0.0,0.00014217990236654792,1.046147324718591,attack
40881.575393436404,40855.73356164733,12.67083487512796,3.000405675771784,10206.542184115637,0.9523599540263242,63.537972744936184,741.589850513727,3785.1731466951214,1.0324127232165043,0.00018052983059867718,0.00042528392960555593,0.9787346894918945,attack
43419.1474195296,43099.602016494966,12.36021234315876,3.1219090739871986,10431.477781785467,0.9598135234732033,66.74607507459466,727.0012252607562,3719.5998713147883,1.018285958984805,0.0,0.00041797126652200537,0.9846772524235081,attack
8.63039430301224,0.00032132942384034804,9.014458210762319,7.32583902956887e-05,0.9994184814027409,0.0,340.47412449594503,494.1921443471871,6.0572447505266656,0.010259173165487613,0.00045432412448744394,0.0,0.00046826260418553255,normal
691.5294920998848,505.6625085690088,0.0,202.8474766942522,74.17701383968175,0.0,190.6722700694618,375.95536176422183,331.1516481002631,0.7113674210081887,0.0002659097900742574,0.0004234937589975429,0.9954161963307113,normal
2360.1203849081794,2460.1079978764997,0.00027662635643804155,0.0,144.52503950425267,0.0,151.75449043782882,746.9773399135116,540.8087988531283,0.9986292760110239,0.0,0.00027676338775947955,1.0097976657452499,attack
41619.02018235707,40484.65673271,13.503289806149049,2.8656868226828256,10069.331244138175,0.9597979959934586,66.82066151744948,730.8979141891423,3854.8316661401777,1.0348028712086377,0.0,0.0,1.0309593378006305,attack
